ID,이름,슬롯,계열,Lv,Req_STR,Req_INT,Req_DEX,Req_VIT,Req_LUK,Attack,AP_Attack,HP,AD_Def,AP_Def,Speed,특수 효과,세트,획득처,config
1001,나무 검,검,대검,1,,,,,,5,,,,,,,🌲 나무,초기 지급,
1002,철검,검,대검,5,,,,,,12,,,,,,,,고블린 동굴,
1003,강철검,검,대검,10,10,,,,,25,,,,,,치명타 +3%,,고블린 족장,"{""components"": [{""tag"": ""passive_buff"", ""crit_rate"": 3}]}"
1004,화염검,검,대검,15,10,,,,,35,,,,,,공격 시 화상 10%,🔥 화염,불타는 광산,"{""components"": [{""tag"": ""on_attack_proc"", ""proc_chance"": 0.1, ""status_effect"": ""burn"", ""status_duration"": 3, ""status_stacks"": 1}]}"
1005,빙결검,검,대검,15,10,,,,,35,,,,,,공격 시 둔화 15%,❄️ 냉기,얼어붙은 호수,"{""components"": [{""tag"": ""on_attack_proc"", ""proc_chance"": 0.15, ""status_effect"": ""slow"", ""status_duration"": 2}]}"
1006,뇌전검,검,대검,20,20,,,,,50,,,,,,공격 시 연쇄 피해 20%,⚡ 번개,폭풍의 봉우리,"{""components"": [{""tag"": ""on_attack_proc"", ""proc_chance"": 0.2, ""status_effect"": ""shock"", ""status_duration"": 2, ""extra_damage_ratio"": 0.2}]}"
1007,심해검,검,대검,20,20,,,,,45,,100,,,,흡혈 5%,💧 수속성,수몰된 신전,"{""components"": [{""tag"": ""passive_buff"", ""lifesteal"": 5}, {""tag"": ""skill_damage_boost"", ""damage_bonus"": 0.25}]}"
1008,성검,검,대검,25,20,,,,,60,,,,,,암흑 추가 데미지 +30%,✨ 천상,성스러운 대성당,"{""components"": [{""tag"": ""skill_type_damage_boost"", ""skill_type"": ""awakening"", ""damage_bonus"": 0.5}]}"
1009,마검,검,마검,25,20,10,,,,70,,,,,,"흡혈 10%, HP -50",🌑 심연,어둠의 묘지,"{""components"": [{""tag"": ""passive_buff"", ""lifesteal"": 10}, {""tag"": ""conditional_damage_boost"", ""condition"": ""low_hp"", ""threshold"": 0.3, ""damage_bonus"": 1.0}]}"
1010,드래곤 슬레이어,검,대검,30,30,,,,,90,,50,,,,드래곤 종족 +50%,🐲 드래곤,용의 둥지,"{""components"": [{""tag"": ""race_bonus"", ""race"": ""dragon"", ""damage_bonus"": 0.5}]}"
1011,혼돈의 검,검,대검,35,30,,,,,110,,,,,,데미지 ±20% 변동,🎭 혼돈,혼돈의 균열,"{""components"": [{""tag"": ""conditional_damage_boost"", ""condition"": ""low_hp"", ""threshold"": 0.2, ""damage_bonus"": 1.5}, {""tag"": ""random_damage_variance"", ""min_multiplier"": 0.8, ""max_multiplier"": 1.2}]}"
1012,왕의 검,검,대검,40,30,,,,,130,,100,,,,치명타 데미지 +30%,,잊혀진 왕국,"{""components"": [{""tag"": ""passive_buff"", ""crit_damage"": 30}, {""tag"": ""skill_damage_boost"", ""damage_bonus"": 0.2}, {""tag"": ""conditional_damage_boost"", ""condition"": ""low_hp"", ""threshold"": 0.4, ""damage_bonus"": 0.5}]}"
1013,심연의 검,검,대검,45,40,,,,,160,,,,,,"흡혈 15%, 암흑 부여",🌑 심연,심연의 궁전,"{""components"": [{""tag"": ""passive_buff"", ""lifesteal"": 15}]}"
1014,심판의 검,검,대검,50,40,,,,,180,,150,,,,최대 HP 비례 추가 데미지,✨ 천상,천상의 탑,"{""components"": [{""tag"": ""conditional_damage_boost"", ""condition"": ""target_high_hp"", ""damage_bonus"": 0.3, ""threshold_high"": 0.8}]}"
1015,시간의 검,검,대검,55,55,,,,,220,,,,,,공격 시 30% 확률 추가 턴 획득,⏰ 시간,시간의 수호자,"{""components"": [{""tag"": ""on_attack_proc"", ""proc_chance"": 0.3}]}"
1016,공허의 검,검,대검,60,55,,,,,260,,,,,,"흡혈 20%, 회복 효과 무효화 공격",🌀 공허,공허의 지배자,"{""components"": [{""tag"": ""passive_buff"", ""lifesteal"": 20}, {""tag"": ""conditional_damage_boost"", ""condition"": ""status"", ""status_effect"": ""poison"", ""damage_bonus"": 0.8}]}"
1017,심해의 대검,검,대검,65,55,,,,,300,,200,,,,"수속성 +40%, 매 턴 HP 3% 회복",🌊 심해,심해의 크라켄,"{""components"": [{""tag"": ""passive_buff"", ""water_damage"": 40}, {""tag"": ""conditional_damage_boost"", ""condition"": ""status"", ""status_effect"": ""freeze"", ""damage_bonus"": 1.0}]}"
1018,각성의 검,검,대검,70,55,,,,,350,,100,,,,각성 스킬 데미지 +50%,💫 각성,깨어난 고대신,"{""components"": [{""tag"": ""conditional_damage_boost"", ""condition"": ""status"", ""status_effect"": ""shock"", ""damage_bonus"": 0.9}]}"
1019,고대 유물검,검,대검,75,70,,,,,420,,150,,,,"모든 스탯 +15%, 상태이상 저항 +30%",🏺 고대 유물,고대 문명 수호자,"{""components"": [{""tag"": ""passive_buff"", ""bonus_all_stats_pct"": 15}, {""tag"": ""attribute_damage_boost"", ""attribute"": ""신성"", ""damage_bonus"": 0.4}, {""tag"": ""skill_damage_boost"", ""damage_bonus"": 0.15}]}"
1020,시련의 검,검,대검,80,70,,,,,480,,200,,,,처치 시 영구 공격력 +1% (최대 +20%),⚔️ 시련,탑의 최종 수호자,"{""components"": [{""tag"": ""on_kill_stack"", ""stat"": ""attack"", ""amount_per_kill"": 0.01, ""max_stacks"": 20}]}"
1021,차원 파괴의 검,검,대검,85,70,,,,,550,,,,,,"방어력 40% 무시, 치명타 +20%",🎭 혼돈 II,차원의 파괴자,"{""components"": [{""tag"": ""passive_buff"", ""armor_pen"": 40, ""crit_rate"": 20}, {""tag"": ""attribute_damage_boost"", ""attribute"": ""암흑"", ""damage_bonus"": 0.4}, {""tag"": ""skill_damage_boost"", ""damage_bonus"": 0.15}]}"
1022,초월의 검,검,대검,90,70,,,,,620,,250,,,,"모든 피해 +30%, 받는 피해 -15%",🌟 초월,초월한 자,"{""components"": [{""tag"": ""skill_damage_boost"", ""damage_bonus"": 0.3}]}"
1023,전쟁신의 검,검,대검,95,90,,,,,720,,300,,,,"전투 중 영구 공격력 +5%/턴, 치명타 100%",⚔️ 전쟁신,전쟁의 신 아레스,"{""components"": [{""tag"": ""combat_stat_growth"", ""stat"": ""attack"", ""growth_per_turn"": 0.05, ""max_stacks"": 0, ""trigger"": ""per_turn""}]}"
1024,창세의 검,검,대검,100,90,,,,,850,,400,,,,"모든 스킬 +40%, 궁극기 슬롯 소모 무효",💎 창조신,창조신의 그림자,"{""components"": [{""tag"": ""skill_damage_boost"", ""damage_bonus"": 0.4}]}"
1101,나무 도끼,도끼,도끼,1,,,,,,7,,,,,,명중률 -5%,🌲 나무,초기 제작,"{""components"": [{""tag"": ""passive_buff"", ""accuracy"": -5}]}"
1102,철 도끼,도끼,도끼,5,,,,,,16,,,,,,명중률 -5%,,고블린 동굴,"{""components"": [{""tag"": ""passive_buff"", ""accuracy"": -5}]}"
1103,전투 도끼,도끼,도끼,10,10,,,,,35,,,,,,"명중률 -5%, 치명타 +5%",,상점,"{""components"": [{""tag"": ""passive_buff"", ""accuracy"": -5, ""crit_rate"": 5}]}"
1104,화염 도끼,도끼,도끼,15,10,,,,,48,,,,,,"화상 20%, 명중률 -10%",🔥 화염,불타는 광산,"{""components"": [{""tag"": ""passive_buff"", ""accuracy"": -10}]}"
1105,서리 도끼,도끼,도끼,20,20,,,,,65,,,,,,"둔화 30%, 명중률 -10%",❄️ 냉기,얼어붙은 호수,"{""components"": [{""tag"": ""passive_buff"", ""accuracy"": -10}]}"
1106,드래곤 도끼,도끼,도끼,30,30,,,,,120,,,,,,"치명타 +10%, 명중률 -10%",🐲 드래곤,용의 둥지,"{""components"": [{""tag"": ""passive_buff"", ""crit_rate"": 10, ""accuracy"": -10}]}"
1107,처형자의 도끼,도끼,도끼,45,40,,,,,200,,,,,,HP 30% 이하 적 +100%,🌑 심연,심연의 궁전,"{""components"": [{""tag"": ""conditional_damage_boost"", ""condition"": ""target_low_hp"", ""damage_bonus"": 1.0, ""threshold_low"": 0.3}]}"
1108,시간 파괴의 도끼,도끼,도끼,60,55,,,,,320,,,,,,"버프 지속시간 흡수, 명중률 -10%",🌀 공허,공허의 지배자,"{""components"": [{""tag"": ""passive_buff"", ""accuracy"": -10}]}"
1109,크라켄의 도끼,도끼,도끼,70,55,,,,,420,,,,,,"치명타 +20%, 명중률 -15%",🌊 심해,심해의 크라켄,"{""components"": [{""tag"": ""passive_buff"", ""crit_rate"": 20, ""accuracy"": -15}]}"
1110,시련의 전부,도끼,도끼,80,70,,,,,580,,,,,,"처형 (HP 25% 이하 즉사), 명중률 -15%",⚔️ 시련,탑의 최종 수호자,"{""components"": [{""tag"": ""passive_buff"", ""accuracy"": -15}]}"
1111,혼돈의 대부,도끼,도끼,90,70,,,,,750,,,,,,"데미지 ±40%, 치명타 +30%, 명중률 -20%",🎭 혼돈 II,초월한 자,"{""components"": [{""tag"": ""passive_buff"", ""crit_rate"": 30, ""accuracy"": -20}, {""tag"": ""random_damage_variance"", ""min_multiplier"": 0.6, ""max_multiplier"": 1.4}]}"
1112,타이탄의 도끼,도끼,도끼,100,90,,,,,1000,,,,,,"치명타 데미지 +100%, HP 30% 이하 적 +200%",💎 창조신,창조신의 그림자,"{""components"": [{""tag"": ""passive_buff"", ""crit_damage"": 100}]}"
1201,나무 지팡이,지팡이,지팡이,1,,,,,,,8,,,,,,🌲 나무,초기 지급,
1202,수습 지팡이,지팡이,지팡이,5,,,,,,,15,,,,,,,상점,
1203,마법사 지팡이,지팡이,지팡이,10,,10,,,,,30,,,,,마나 소모 -5%,,상점,"{""components"": [{""tag"": ""mana_cost_reduction"", ""reduction_percent"": 0.05}]}"
1204,화염의 지팡이,지팡이,지팡이,15,,10,,,,,45,,,,,화염 스킬 +15%,🔥 화염,화염의 군주,"{""components"": [{""tag"": ""passive_buff"", ""fire_damage"": 15}]}"
1205,냉기의 지팡이,지팡이,지팡이,15,,10,,,,,45,,,,,냉기 스킬 +15%,❄️ 냉기,서리 마녀,"{""components"": [{""tag"": ""passive_buff"", ""ice_damage"": 15}]}"
1206,폭풍의 지팡이,지팡이,지팡이,20,,20,,,,,65,,,,,번개 스킬 +15%,⚡ 번개,천둥의 왕,"{""components"": [{""tag"": ""passive_buff"", ""lightning_damage"": 15}]}"
1207,심해의 지팡이,지팡이,지팡이,20,,20,,,,,60,80,,,,회복 스킬 +20%,💧 수속성,심해의 사제,"{""components"": [{""tag"": ""skill_type_damage_boost"", ""skill_type"": ""heal"", ""damage_bonus"": 0.2}]}"
1208,대주교의 지팡이,지팡이,지팡이,25,,20,,,,,80,,,,,신성 스킬 +20%,✨ 천상,타락한 대주교,"{""components"": [{""tag"": ""passive_buff"", ""holy_damage"": 20}]}"
1209,리치의 지팡이,지팡이,지팡이,25,,20,,,,,85,,,,,"암흑 스킬 +20%, HP -30",🌑 심연,리치 킹,"{""components"": [{""tag"": ""passive_buff"", ""dark_damage"": 20}]}"
1210,용언의 지팡이,지팡이,지팡이,30,,30,,,,,110,,,,,모든 속성 +10%,🐲 드래곤,고대 드래곤,"{""components"": [{""tag"": ""passive_buff"", ""fire_damage"": 10, ""ice_damage"": 10, ""lightning_damage"": 10, ""water_damage"": 10, ""holy_damage"": 10, ""dark_damage"": 10}]}"
1211,혼돈의 지팡이,지팡이,지팡이,35,,30,,,,,140,,,,,랜덤 속성 +30%,🎭 혼돈,혼돈의 화신,"{""components"": [{""tag"": ""random_attribute"", ""mode"": ""per_combat"", ""damage_bonus"": 0.3, ""attributes"": [""화염"", ""냉기"", ""번개"", ""수속성"", ""신성"", ""암흑""]}]}"
1212,창세의 지팡이,지팡이,지팡이,50,,40,,,,,220,100,,,,모든 스킬 +25%,✨ 천상,창세의 관찰자,"{""components"": [{""tag"": ""skill_damage_boost"", ""damage_bonus"": 0.25}]}"
1213,시간의 지팡이,지팡이,지팡이,55,,55,,,,,280,,,,,"버프 지속시간 +50%, 디버프 저항 +30%",⏰ 시간,시간의 수호자,"{""components"": [{""tag"": ""buff_duration_extension"", ""duration_multiplier"": 1.5}]}"
1214,공허의 지팡이,지팡이,지팡이,60,,55,,,,,320,,,,,"공허 스킬 +40%, 대상 회복 봉인",🌀 공허,공허의 지배자,"{""components"": [{""tag"": ""skill_type_damage_boost"", ""skill_type"": ""void"", ""damage_bonus"": 0.4}, {""tag"": ""heal_blocking"", ""block_percent"": 1.0, ""duration"": 3, ""on_hit_chance"": 0.3}]}"
1215,심해의 지팡이,지팡이,지팡이,65,,55,,,,,360,150,,,,"회복 스킬 +50%, 매 턴 HP 5% 회복",🌊 심해,심해의 크라켄,"{""components"": [{""tag"": ""skill_type_damage_boost"", ""skill_type"": ""heal"", ""damage_bonus"": 0.5}, {""tag"": ""regeneration"", ""regen_per_turn"": 0.05, ""regen_flat"": 0, ""regen_per_minute"": 0, ""combat_only"": true}]}"
1216,각성의 지팡이,지팡이,지팡이,70,,55,,,,,420,100,,,,"각성 스킬 +60%, 원소 피해 +25%",💫 각성,깨어난 고대신,"{""components"": [{""tag"": ""skill_type_damage_boost"", ""skill_type"": ""awakening"", ""damage_bonus"": 0.6}, {""tag"": ""skill_damage_boost"", ""damage_bonus"": 0.25}]}"
1217,고대 유물 지팡이,지팡이,지팡이,75,,70,,,,,500,200,,,,"마법 관통 +40%, 쿨타임 -30%",🏺 고대 유물,고대 문명 수호자,"{""components"": [{""tag"": ""passive_buff"", ""magic_pen"": 40}]}"
1218,시련의 지팡이,지팡이,지팡이,80,,70,,,,,580,150,,,,"모든 원소 +35%, 마법 피해 면역 30%",⚔️ 시련,탑의 최종 수호자,"{""components"": [{""tag"": ""passive_buff"", ""fire_damage"": 35, ""ice_damage"": 35, ""lightning_damage"": 35, ""water_damage"": 35}]}"
1219,차원 지팡이,지팡이,지팡이,85,,70,,,,,660,,,,,"랜덤 속성 +80%, 차원 스킬 해금",🎭 혼돈 II,차원의 파괴자,"{""components"": [{""tag"": ""random_attribute"", ""mode"": ""per_combat"", ""damage_bonus"": 0.8, ""attributes"": [""화염"", ""냉기"", ""번개"", ""수속성"", ""신성"", ""암흑""]}]}"
1220,초월의 지팡이,지팡이,지팡이,90,,70,,,,,750,250,,,,"모든 스킬 +45%, 궁극기 쿨타임 -50%",🌟 초월,초월한 자,"{""components"": [{""tag"": ""skill_damage_boost"", ""damage_bonus"": 0.45}]}"
1221,태양신의 지팡이,지팡이,지팡이,95,,90,,,,,850,300,,,,"신성 스킬 +80%, 부활 1회 (HP 100%)",☀️ 태양신,태양신 라,"{""components"": [{""tag"": ""passive_buff"", ""holy_damage"": 80}, {""tag"": ""revive"", ""revive_hp_percent"": 1.0, ""revive_count"": 1, ""invincible_turns"": 0}]}"
1222,창조의 지팡이,지팡이,지팡이,100,,90,,,,,1000,400,,,,"모든 스킬 +60%, 스킬 동시 발동 (2개)",💎 창조신,창조신의 그림자,"{""components"": [{""tag"": ""skill_damage_boost"", ""damage_bonus"": 0.6}]}"
1301,단궁,활,활,1,,,,,,4,,,,,+2,,🌲 나무,초기 지급,
1302,사냥꾼의 활,활,활,5,,,,,,10,,,,,+3,,,잊혀진 숲,
1303,장궁,활,활,10,5,,10,,,22,,,,,+4,명중률 +5%,,상점,"{""components"": [{""tag"": ""passive_buff"", ""accuracy"": 5}]}"
1304,화염의 활,활,활,15,5,,10,,,32,,,,,+4,화염 화살 (화상 15%),🔥 화염,불타는 광산,"{""components"": [{""tag"": ""passive_buff"", ""fire_damage"": 25}]}"
1305,폭풍의 활,활,활,20,10,,20,,,48,,,,,+6,번개 화살 (연쇄 15%),⚡ 번개,폭풍의 봉우리,"{""components"": [{""tag"": ""passive_buff"", ""lightning_damage"": 25}]}"
1306,드래곤 본 활,활,활,30,15,,30,,,85,,,,,+8,관통 사격 (방어 -20%),🐲 드래곤,용의 둥지,"{""components"": [{""tag"": ""passive_buff"", ""armor_penetration"": 20}]}"
1307,별의 활,활,활,45,20,,40,,,150,,,,,+12,"치명타 +15%, 회피 +10%",✨ 천상,천상의 탑,"{""components"": [{""tag"": ""passive_buff"", ""crit_rate"": 15, ""evasion"": 10}]}"
1308,시간의 활,활,활,60,28,,55,,,200,,,,,+16,공격 후 30% 확률 즉시 재공격,⏰ 시간,공허의 지배자,"{""components"": [{""tag"": ""on_attack_proc"", ""proc_chance"": 0.3}, {""tag"": ""extra_attack"", ""extra_attack_chance"": 0.3, ""max_chains"": 1, ""damage_multiplier"": 1.0}]}"
1309,심해의 활,활,활,70,28,,55,,,280,,,,,+18,연속 공격 시 데미지 +20% 스택,🌊 심해,깨어난 고대신,"{""components"": [{""tag"": ""skill_type_damage_boost"", ""skill_type"": ""physical"", ""damage_bonus"": 0.3}]}"
1310,고대 유물 활,활,활,80,35,,70,,,380,,,,,+22,"관통 +50%, 치명타 +25%",🏺 고대 유물,탑의 최종 수호자,"{""components"": [{""tag"": ""passive_buff"", ""armor_pen"": 50, ""crit_rate"": 25}, {""tag"": ""skill_type_damage_boost"", ""skill_type"": ""magical"", ""damage_bonus"": 0.3}]}"
1311,초월의 활,활,활,90,35,,70,,,500,,,,,+28,"회피 +25%, 선공 확정, 연쇄 3회",🌟 초월,초월한 자,"{""components"": [{""tag"": ""passive_buff"", ""evasion"": 25}, {""tag"": ""first_strike"", ""guaranteed"": true, ""speed_bonus"": 0.0}, {""tag"": ""extra_attack"", ""extra_attack_chance"": 1.0, ""max_chains"": 3, ""damage_multiplier"": 1.0}]}"
1312,태양신의 활,활,활,100,45,,90,,,650,,,,,+35,"확정 치명타, 치명타 데미지 +80%, 매 공격 HP 5% 회복",☀️ 태양신,창조신의 그림자,"{""components"": [{""tag"": ""passive_buff"", ""crit_damage"": 80}]}"
1501,잃어버린 왕국의 단검,무기,단검,10,,,30,,15,40,,,,,,"치명타 +20%, 은신 시 +50% 데미지",,비밀 던전 발견,"{""components"": [{""tag"": ""passive_buff"", ""crit_rate"": 20}, {""tag"": ""attribute_damage_boost"", ""attribute"": ""화염"", ""damage_bonus"": 0.3}]}"
1502,고대 사제의 홀,무기,지팡이,15,,40,,,,30,,,,,,"신성 스킬 +40%, 언데드 특효 +80%",,봉인된 제단,"{""components"": [{""tag"": ""passive_buff"", ""holy_damage"": 40}, {""tag"": ""attribute_damage_boost"", ""attribute"": ""냉기"", ""damage_bonus"": 0.3}]}"
1503,잠든 용의 이빨,무기,대검,12,30,,,,,55,,,,,,"드래곤 종족 +100%, 화염 저항 +20%",,용의 묘지,"{""components"": [{""tag"": ""passive_buff"", ""fire_resist"": 20}, {""tag"": ""attribute_damage_boost"", ""attribute"": ""번개"", ""damage_bonus"": 0.3}]}"
1504,요정의 비수,무기,단검,8,,,40,,20,25,,,,,,"회피 +25%, 속도 +30, 독 면역",,요정의 숲 (히든),"{""components"": [{""tag"": ""passive_buff"", ""evasion"": 25, ""speed"": 30}, {""tag"": ""attribute_damage_boost"", ""attribute"": ""수속성"", ""damage_bonus"": 0.3}]}"
1505,달빛 검,무기,대검,20,30,,,,,65,,,,,,야간 전투 시 모든 스탯 +25%,,달의 신전,"{""components"": [{""tag"": ""attribute_damage_boost"", ""attribute"": ""신성"", ""damage_bonus"": 0.3}]}"
1506,저주받은 왕의 검,무기,마검,25,55,28,,,,95,,,,,,"흡혈 +25%, HP -10%/턴, 처치 시 HP 30% 회복",,저주받은 왕의 무덤,"{""components"": [{""tag"": ""passive_buff"", ""lifesteal"": 25}, {""tag"": ""attribute_damage_boost"", ""attribute"": ""암흑"", ""damage_bonus"": 0.3}, {""tag"": ""on_kill_heal"", ""heal_percent"": 0.3, ""heal_flat"": 0}]}"
1507,시간의 파편 단검,무기,단검,18,,,40,,20,45,,,,,,"25% 확률 추가 턴, 쿨타임 -20%",,시간의 균열 (저레벨),"{""components"": [{""tag"": ""cooldown_reduction"", ""cooldown_reduction"": 0.2}]}"
1508,잊혀진 영웅의 검,무기,대검,30,55,,,,,110,,,,,,"모든 스탯 +10%, 처치 시 버프 1개 획득",,영웅의 묘지,"{""components"": [{""tag"": ""passive_buff"", ""bonus_all_stats_pct"": 10}]}"
1601,정제된 강철검,무기,대검,40,,,,,,75,,,,,,"내구도 2배, 수리비 -50%",,마스터 대장장이,"{""components"": [{""tag"": ""durability_bonus"", ""durability_multiplier"": 2.0, ""repair_cost_reduction"": 0.5, ""unlimited_repairs"": false}]}"
1602,견습 기사의 연습검,무기,대검,50,,,,,,90,,,,,,"경험치 +15%, 훈련용",,기사단 훈련장,"{""components"": [{""tag"": ""passive_buff"", ""exp_bonus"": 15}]}"
1603,광부의 곡괭이,무기,대검,45,10,,,,,65,,,,,,"광물 드롭 +30%, 암석 몬스터 +20%",,광산 마을 상점,"{""components"": [{""tag"": ""special_drop_bonus"", ""item_type"": ""ore"", ""drop_bonus"": 0.3, ""quality_bonus"": 0.1}]}"
1604,사냥꾼의 작살,무기,대검,55,10,,,,,100,,,,,,"짐승 종족 +25%, 가죽 드롭 +20%",,사냥꾼 마을,"{""components"": [{""tag"": ""race_bonus"", ""race"": ""beast"", ""damage_bonus"": 0.25}, {""tag"": ""special_drop_bonus"", ""item_type"": ""leather"", ""drop_bonus"": 0.2, ""quality_bonus"": 0.0}]}"
1605,실용주의 철퇴,무기,대검,60,,,,,,110,,,,,,"해골 종족 +40%, 강화 성공률 +5%",,순례자의 길,"{""components"": [{""tag"": ""race_bonus"", ""race"": ""undead"", ""damage_bonus"": 0.4}, {""tag"": ""enhancement_bonus"", ""enhancement_success_rate"": 0.05, ""base_enhancement"": 0, ""max_enhancement_bonus"": 0}]}"
1606,마을 수비대 창,무기,대검,65,10,,,,,125,,,,,,"선공권 +20%, 방어 태세 시 반격",,마을 수비대,"{""components"": [{""tag"": ""first_strike"", ""guaranteed"": false, ""speed_bonus"": 0.2}, {""tag"": ""counter_attack"", ""counter_chance"": 0.3, ""counter_damage_multiplier"": 0.6, ""condition"": ""on_defend""}]}"
1607,대량생산 군용검,무기,대검,70,,,,,,135,,,,,,"수리 가능 횟수 무제한, 강화 +1 기본",,군수공장,"{""components"": [{""tag"": ""durability_bonus"", ""durability_multiplier"": 1.0, ""repair_cost_reduction"": 0.0, ""unlimited_repairs"": true}, {""tag"": ""enhancement_bonus"", ""enhancement_success_rate"": 0.0, ""base_enhancement"": 1, ""max_enhancement_bonus"": 0}]}"
1608,노련한 모험가의 검,무기,대검,75,10,,,,,160,,,,,,"던전 탐색 속도 +20%, 함정 감지",,모험가 길드 (고랭크),"{""components"": [{""tag"": ""exploration_speed"", ""exploration_speed"": 0.2, ""gathering_speed"": 0.0, ""encounter_rate"": 0.0}, {""tag"": ""trap_detection"", ""detection_chance"": 0.8, ""trap_damage_reduction"": 0.5, ""auto_disarm"": false}]}"
1701,운명의 주사위 검,무기,대검,1~50,20,,,,,30~200,,,,,,공격 시 데미지 ±30% 랜덤,,운명의 사원,"{""components"": [{""tag"": ""random_attribute"", ""mode"": ""per_combat"", ""damage_bonus"": 0.3, ""attributes"": [""화염"", ""냉기"", ""번개"", ""수속성"", ""신성"", ""암흑""]}]}"
1702,도박사의 단검,무기,단검,5~40,,,10,,5,20~120,,,,,,"치명타 확률 0~50% 랜덤, 매 전투 변경",,카지노 던전,"{""components"": [{""tag"": ""random_damage_variance"", ""min_multiplier"": 0.8, ""max_multiplier"": 1.4}]}"
1703,변덕스러운 마법봉,무기,지팡이,10~35,,20,,,,40~150,,,,,,랜덤 속성 부여 (매 공격 변경),,혼돈의 균열,"{""components"": [{""tag"": ""random_attribute"", ""mode"": ""per_attack"", ""damage_bonus"": 0.25, ""attributes"": [""화염"", ""냉기"", ""번개"", ""수속성"", ""신성"", ""암흑""]}]}"
1704,미래를 보는 검,무기,대검,15~45,30,,,,,60~180,,,,,,30% 확률로 적 다음 행동 예측,,시간의 균열,"{""components"": [{""tag"": ""action_prediction"", ""prediction_chance"": 0.3, ""evasion_bonus"": 0.2, ""damage_reduction"": 0.3}]}"
1801,신앙의 검,무기,대검,15,10,,,,,28,,,,,,HP 80% 이상 시 공격력 +50%,,성스러운 대성당,"{""components"": [{""tag"": ""conditional_stat_bonus"", ""condition"": ""high_hp"", ""stat"": ""attack"", ""bonus_amount"": 0.5, ""threshold_high"": 0.8}]}"
1802,어둠을 삼킨 검,무기,마검,15,10,5,,,,28,,,,,,HP 30% 이하 시 공격력 +100%,,어둠의 묘지,"{""components"": [{""tag"": ""conditional_stat_bonus"", ""condition"": ""low_hp"", ""stat"": ""attack"", ""bonus_amount"": 1.0, ""threshold_low"": 0.3}]}"
1803,균형의 지팡이,무기,지팡이,25,,20,,,,50,,,,,,HP 40~60% 시 주문력 +80%,,균형의 신전,"{""components"": [{""tag"": ""conditional_stat_bonus"", ""condition"": ""balanced_hp"", ""stat"": ""ap_attack"", ""bonus_amount"": 0.8}]}"
1804,고독한 전사의 검,무기,대검,30,,,,,,40,,,,,,,,고독한 봉우리,
1805,분노의 도끼,무기,도끼,20,10,,,,,45,,,,,,,,광전사의 무덤,
1806,수호자의 방패검,무기,대검,35,,,,,,35,,,,,,HP 80% 이상 시 방어력 +60%,,수호기사단,"{""components"": [{""tag"": ""conditional_stat_bonus"", ""condition"": ""high_hp"", ""stat"": ""defense"", ""bonus_amount"": 0.6, ""threshold_high"": 0.8}]}"
1901,슬라임 베인,무기,대검,5,,,,,,8,,,,,,슬라임 종족에게 +500%,,슬라임 동굴,"{""components"": [{""tag"": ""race_bonus"", ""race"": ""slime"", ""damage_bonus"": 5.0}]}"
1902,고블린 사냥꾼의 칼,무기,대검,10,,,,,,15,,,,,,고블린 종족에게 +400%,,고블린 동굴,"{""components"": [{""tag"": ""race_bonus"", ""race"": ""goblin"", ""damage_bonus"": 4.0}]}"
1903,뱀파이어 킬러,무기,대검,25,10,,,,,35,,,,,,"흡혈귀에게 +300%, 흡혈 효과 무효화",,뱀파이어 성,"{""components"": [{""tag"": ""race_bonus"", ""race"": ""undead"", ""damage_bonus"": 3.0}]}"
1904,마녀 사냥꾼의 검,무기,대검,30,10,,,,,40,,,,,,"마법사형 적에게 +200%, 마법 저항 +30%",,마녀의 숲,"{""components"": [{""tag"": ""race_bonus"", ""race"": ""magic_user"", ""damage_bonus"": 2.0}]}"
1905,성스러운 퇴마검,무기,대검,20,20,,,,,30,,,,,,"언데드/악마에게 +250%, 정화 효과",,성스러운 대성당,"{""components"": [{""tag"": ""race_bonus"", ""race"": ""undead"", ""damage_bonus"": 2.5}, {""tag"": ""race_bonus"", ""race"": ""demon"", ""damage_bonus"": 2.5}]}"
1906,드래곤 베인,무기,대검,35,20,,,,,55,,,,,,"드래곤에게 +300%, 브레스 피해 -50%",,드래곤 사냥꾼 길드,"{""components"": [{""tag"": ""race_bonus"", ""race"": ""dragon"", ""damage_bonus"": 3.0}]}"
1907,정령 사냥꾼의 활,무기,활,28,5,,10,,,38,,,,,,"정령에게 +350%, 속성 저항 무시",,정령의 숲,"{""components"": [{""tag"": ""race_bonus"", ""race"": ""elemental"", ""damage_bonus"": 3.5}]}"
1908,기계 파괴자,무기,대검,45,10,,,,,70,,,,,,"기계/골렘에게 +400%, 방어 무시",,고대 공장 유적,"{""components"": [{""tag"": ""race_bonus"", ""race"": ""golem"", ""damage_bonus"": 4.0}]}"
1951,살아있는 검,,특수,1,,,,,,,,,,,,전투 중 매 턴 공격력 +5% (최대 10스택),,연금술사의 탑,"{""components"": [{""tag"": ""combat_stat_growth"", ""stat"": ""attack"", ""growth_per_turn"": 0.05, ""max_stacks"": 10, ""trigger"": ""per_turn""}]}"
1952,영혼 수집 낫,,특수,10,,,,,,,,,,,,적 처치 시 HP 20% 회복,,사신의 영역,"{""components"": [{""tag"": ""on_kill_heal"", ""heal_percent"": 0.2, ""heal_flat"": 0}]}"
1953,전투 학습 장갑,,특수,5,,,,,,,,,,,,전투 중 매 턴 공격/방어 +3% (최대 15스택),,수련의 전당,"{""components"": [{""tag"": ""combat_stat_growth"", ""stat"": ""attack"", ""growth_per_turn"": 0.03, ""max_stacks"": 15, ""trigger"": ""per_turn""}, {""tag"": ""combat_stat_growth"", ""stat"": ""defense"", ""growth_per_turn"": 0.03, ""max_stacks"": 15, ""trigger"": ""per_turn""}]}"
2001,천 두건,투구,범용,1,,,,,,,,20,2,3,,,🌲 나무,초기 지급,
2002,가죽 모자,투구,경갑,5,,,,,,,,40,5,5,,,,상점,
2003,철 투구,투구,중갑,10,10,,,5,,,,80,12,8,,,,고블린 족장,
2004,화염의 투구,투구,중갑,15,10,,,5,,,,100,15,12,,화염 저항 +20%,🔥 화염,화염의 군주,"{""components"": [{""tag"": ""passive_buff"", ""fire_resist"": 20}]}"
2005,빙결의 투구,투구,로브,15,,10,,5,,,,100,12,15,,냉기 저항 +20%,❄️ 냉기,서리 마녀,"{""components"": [{""tag"": ""passive_buff"", ""ice_resist"": 20}]}"
2006,드래곤 투구,투구,중갑,30,30,,,15,,,,200,30,25,,모든 저항 +15%,🐲 드래곤,고대 드래곤,"{""components"": [{""tag"": ""passive_buff"", ""fire_resist"": 15, ""ice_resist"": 15, ""lightning_resist"": 15, ""water_resist"": 15, ""holy_resist"": 15, ""dark_resist"": 15}]}"
2007,왕의 왕관,투구,중갑,40,30,,,15,,,,250,35,35,,모든 스탯 +5%,,몰락한 왕,"{""components"": [{""tag"": ""passive_buff"", ""bonus_all_stats_pct"": 5}]}"
2008,심연의 투구,투구,중갑,45,40,,,20,,,,300,40,35,,"암흑 저항 +30%, 흡혈 +5%",🌑 심연,심연의 군주,"{""components"": [{""tag"": ""passive_buff"", ""dark_resist"": 30, ""lifesteal"": 5}]}"
2009,천상의 월계관,투구,로브,50,,40,,20,,,,350,45,50,,디버프 지속 -50%,✨ 천상,심판자,"{""components"": [{""tag"": ""debuff_reduction"", ""reduction_percent"": 0.5}]}"
2010,시간의 투구,투구,경갑,60,,,55,28,,,,450,55,60,,"버프 지속 +100%, 시간 저항",⏰ 시간,공허의 지배자,"{""components"": [{""tag"": ""buff_duration_extension"", ""duration_multiplier"": 2.0}]}"
2011,각성의 투구,투구,중갑,70,55,,,28,,,,550,65,70,,"각성 스킬 +30%, 원소 저항 +20%",💫 각성,깨어난 고대신,"{""components"": [{""tag"": ""skill_type_damage_boost"", ""skill_type"": ""awakening"", ""damage_bonus"": 0.3}]}"
2012,고대 유물 투구,투구,중갑,80,70,,,35,,,,700,80,85,,모든 상태이상 저항 +50%,🏺 고대 유물,탑의 최종 수호자,"{""components"": [{""tag"": ""passive_buff"", ""status_resistance"": 50}]}"
2013,초월의 투구,투구,경갑,90,,,70,35,,,,900,100,105,,"CC 면역, 디버프 반사 30%",🌟 초월,초월한 자,"{""components"": [{""tag"": ""status_immunity"", ""immune_statuses"": [""기절"", ""동결"", ""속박"", ""침묵"", ""마비""]}, {""tag"": ""passive_buff"", ""debuff_reflection"": 30}]}"
2014,태양신의 투구,투구,로브,95,,90,,45,,,,1100,120,130,,"신성 면역, 받는 힐 2배",☀️ 태양신,태양신 라,"{""components"": [{""tag"": ""passive_element_immunity"", ""immune_elements"": [""신성""]}, {""tag"": ""passive_buff"", ""healing_received"": 100}]}"
2015,창조신의 왕관,투구,범용,100,,,,,,,,1400,150,160,,"모든 면역, 매 턴 HP 5% 회복",💎 창조신,창조신의 그림자,"{""components"": [{""tag"": ""passive_element_immunity"", ""immune_elements"": [""화염"", ""냉기"", ""번개"", ""수속성"", ""신성"", ""암흑""]}, {""tag"": ""regeneration"", ""regen_per_turn"": 0.05, ""regen_flat"": 0, ""regen_per_minute"": 0, ""combat_only"": true}]}"
2016,사냥꾼의 모자,투구,경갑,10,,,10,5,,,,60,6,5,+3,명중률 +3%,🏹 사냥꾼,고블린 동굴,"{""components"": [{""tag"": ""passive_buff"", ""accuracy"": 3}]}"
2017,현자의 두건,투구,로브,20,,20,,10,,,10,100,8,20,,마나 +5%,📖 현자,성스러운 대성당,"{""components"": [{""tag"": ""passive_buff"", ""bonus_mp_pct"": 5}]}"
2018,그림자 두건,투구,경갑,30,,,30,15,,,,150,18,15,+5,치명타 +5%,🗡️ 그림자,용의 둥지,"{""components"": [{""tag"": ""passive_buff"", ""crit_rate"": 5}]}"
2019,마도사의 관,투구,로브,40,,30,,15,,,15,180,15,35,,마법 관통 +5%,🔮 마도사,잊혀진 왕국,"{""components"": [{""tag"": ""passive_buff"", ""magic_pen"": 5}]}"
2020,월광의 투구,투구,경갑,45,,,40,20,,,,220,25,22,+8,야간 시야 확보,🌙 월광,심연의 궁전,"{""components"": [{""tag"": ""exploration_speed"", ""exploration_speed"": 0.1, ""gathering_speed"": 0.0, ""encounter_rate"": 0.0}]}"
2021,공허의 투구,투구,중갑,55,55,,,28,,,,420,58,45,,공허 저항 +25%,🌀 공허,공허의 지배자,"{""components"": [{""tag"": ""passive_element_resistance"", ""elements"": [""공허""], ""resistance_percent"": 0.25}]}"
2022,심해의 관,투구,로브,65,,55,,28,,,30,350,30,65,,회복량 +15%,🌊 심해,심해의 크라켄,"{""components"": [{""tag"": ""passive_buff"", ""healing_power"": 15}]}"
2023,뇌신의 투구,투구,경갑,75,,,70,35,,,,500,55,50,+12,번개 저항 +30%,⚡ 뇌신,고대 문명 수호자,"{""components"": [{""tag"": ""passive_buff"", ""lightning_resist"": 30}]}"
2024,비전의 관,투구,로브,80,,70,,35,,,50,500,45,88,,마법 관통 +15%,🔮 비전,탑의 최종 수호자,"{""components"": [{""tag"": ""passive_buff"", ""magic_pen"": 15}]}"
2025,파멸의 투구,투구,중갑,85,70,,,35,,,,800,95,72,,물리 관통 +15%,💀 파멸,차원의 파괴자,"{""components"": [{""tag"": ""passive_buff"", ""armor_pen"": 15}]}"
2026,별빛의 관,투구,로브,90,,70,,35,,,60,650,55,108,,"회복량 +20%, 신성 저항 +25%",✨ 별빛,초월한 자,"{""components"": [{""tag"": ""passive_buff"", ""holy_resist"": 25}]}"
2027,질풍신의 투구,투구,경갑,95,,,90,45,,,,850,100,88,+20,"회피 +20%, 선공 확정",⚡ 질풍신,전쟁의 신 아레스,"{""components"": [{""tag"": ""passive_buff"", ""evasion"": 20}, {""tag"": ""first_strike"", ""guaranteed"": true, ""speed_bonus"": 0.0}]}"
2101,천 옷,갑옷,범용,1,,,,,,,,30,3,5,,,🌲 나무,초기 지급,
2102,가죽 갑옷,갑옷,경갑,5,,,,,,,,60,8,8,,,,상점,
2103,사슬 갑옷,갑옷,중갑,10,10,,,5,,,,120,18,12,,,,상점,
2104,판금 갑옷,갑옷,중갑,15,10,,,5,,,,180,28,15,,속도 -2,,상점,"{""components"": [{""tag"": ""passive_buff"", ""speed"": -2}]}"
2105,화염의 갑옷,갑옷,중갑,20,20,,,10,,,,250,35,25,,화염 저항 +30%,🔥 화염,화염의 군주,"{""components"": [{""tag"": ""passive_buff"", ""fire_resist"": 30}]}"
2106,빙결의 갑옷,갑옷,로브,20,,20,,10,,,,250,30,30,,냉기 저항 +30%,❄️ 냉기,서리 마녀,"{""components"": [{""tag"": ""passive_buff"", ""ice_resist"": 30}]}"
2107,드래곤 스케일,갑옷,중갑,30,30,,,15,,,,400,50,40,,모든 저항 +20%,🐲 드래곤,고대 드래곤,"{""components"": [{""tag"": ""passive_buff"", ""fire_resist"": 20, ""ice_resist"": 20, ""lightning_resist"": 20, ""water_resist"": 20, ""holy_resist"": 20, ""dark_resist"": 20}]}"
2108,암흑의 로브,갑옷,로브,35,,30,,15,,,,300,25,55,,암흑 스킬 +15%,🌑 심연,리치 킹,"{""components"": [{""tag"": ""passive_buff"", ""dark_damage"": 15}]}"
2109,왕의 갑옷,갑옷,중갑,40,30,,,15,,,,500,60,50,,HP +10%,,몰락한 왕,"{""components"": [{""tag"": ""passive_buff"", ""bonus_hp_pct"": 10}]}"
2110,심연의 갑옷,갑옷,중갑,45,40,,,20,,,,600,70,55,,"흡혈 +8%, 피해 -10%",🌑 심연,심연의 군주,"{""components"": [{""tag"": ""passive_buff"", ""lifesteal"": 8}]}"
2111,천상의 갑옷,갑옷,로브,50,,40,,20,,,,700,80,80,,"회복 +20%, 저항 +25%",✨ 천상,심판자,"{""components"": [{""tag"": ""passive_buff"", ""healing_received"": 20, ""all_resistance"": 25}]}"
2112,시간의 갑옷,갑옷,경갑,60,,,55,28,,,,900,95,90,,피해 이연 30% (다음 턴으로),⏰ 시간,공허의 지배자,"{""components"": [{""tag"": ""damage_delay"", ""delay_percent"": 0.3, ""max_delayed_damage"": 0, ""attribute_resistance"": [""시간""]}]}"
2113,각성의 갑옷,갑옷,중갑,70,55,,,28,,,,1100,110,105,,"원소 피해 -30%, HP +20%",💫 각성,깨어난 고대신,"{""components"": [{""tag"": ""passive_buff"", ""bonus_hp_pct"": 20}]}"
2114,고대 유물 갑옷,갑옷,중갑,80,70,,,35,,,,1400,130,125,,"물리 피해 -40%, 반사 15%",🏺 고대 유물,탑의 최종 수호자,"{""components"": [{""tag"": ""passive_buff"", ""received_physical_damage"": -40}, {""tag"": ""damage_reflection"", ""reflection_percent"": 0.15}]}"
2115,초월의 갑옷,갑옷,경갑,90,,,70,35,,,,1800,160,155,,"모든 피해 -25%, 회복 +30%",🌟 초월,초월한 자,"{""components"": [{""tag"": ""passive_buff"", ""received_all_damage"": -25, ""healing_received"": 30}]}"
2116,태양신의 갑옷,갑옷,로브,95,,90,,45,,,,2200,190,185,,"치명타 면역, 피해 반사 25%",☀️ 태양신,태양신 라,"{""components"": [{""tag"": ""status_immunity"", ""immune_statuses"": [""치명타""]}, {""tag"": ""damage_reflection"", ""reflection_percent"": 0.25}]}"
2117,창조신의 갑옷,갑옷,범용,100,,,,,,,,2800,230,220,,"모든 피해 -40%, 부활 1회",💎 창조신,창조신의 그림자,"{""components"": [{""tag"": ""revive"", ""revive_hp_percent"": 0.5, ""revive_count"": 1, ""invincible_turns"": 0}]}"
2118,사냥꾼의 경갑,갑옷,경갑,10,,,10,5,,,,100,12,8,+3,회피 +3%,🏹 사냥꾼,고블린 동굴,"{""components"": [{""tag"": ""passive_buff"", ""evasion"": 3}]}"
2119,현자의 로브,갑옷,로브,20,,20,,10,,,15,180,15,35,,마법 데미지 +5%,📖 현자,성스러운 대성당,"{""components"": [{""tag"": ""passive_buff"", ""magic_damage"": 5}]}"
2120,그림자 가죽갑옷,갑옷,경갑,30,,,30,15,,,,300,30,22,+5,회피 +8%,🗡️ 그림자,용의 둥지,"{""components"": [{""tag"": ""passive_buff"", ""evasion"": 8}]}"
2121,마도사의 로브,갑옷,로브,40,,30,,15,,,25,350,25,55,,마법 데미지 +10%,🔮 마도사,잊혀진 왕국,"{""components"": [{""tag"": ""passive_buff"", ""magic_damage"": 10}]}"
2122,월광의 경갑,갑옷,경갑,45,,,40,20,,,,450,45,35,+8,회피 +12%,🌙 월광,심연의 궁전,"{""components"": [{""tag"": ""passive_buff"", ""evasion"": 12}]}"
2123,공허의 갑옷,갑옷,중갑,55,55,,,28,,,,850,100,72,,"흡혈 +8%, 회복 봉인 공격",🌀 공허,공허의 지배자,"{""components"": [{""tag"": ""passive_buff"", ""lifesteal"": 8}]}"
2124,심해의 로브,갑옷,로브,65,,55,,28,,,40,700,50,100,,매 턴 HP 3% 회복,🌊 심해,심해의 크라켄,"{""components"": [{""tag"": ""regeneration"", ""regen_per_turn"": 0.03, ""regen_flat"": 0, ""regen_per_minute"": 0, ""combat_only"": true}]}"
2125,뇌신의 경갑,갑옷,경갑,75,,,70,35,,,,1000,85,75,+10,"연쇄 피해 +20%, 회피 +15%",⚡ 뇌신,고대 문명 수호자,"{""components"": [{""tag"": ""passive_buff"", ""evasion"": 15}]}"
2126,비전의 로브,갑옷,로브,80,,70,,35,,,65,1000,70,130,,마법 데미지 +20%,🔮 비전,탑의 최종 수호자,"{""components"": [{""tag"": ""passive_buff"", ""magic_damage"": 20}]}"
2127,파멸의 갑옷,갑옷,중갑,85,70,,,35,,,,1600,148,108,,"물리 데미지 +20%, 피해 -15%",💀 파멸,차원의 파괴자,"{""components"": [{""tag"": ""passive_buff"", ""physical_damage"": 20, ""received_all_damage"": -15}]}"
2128,별빛의 로브,갑옷,로브,90,,70,,35,,,80,1350,85,160,,"신성 데미지 +20%, 회복 +25%",✨ 별빛,초월한 자,"{""components"": [{""tag"": ""passive_buff"", ""holy_damage"": 20}]}"
2129,질풍신의 경갑,갑옷,경갑,95,,,90,45,,,,1800,155,135,+15,"회피 +25%, 피해 -20%",⚡ 질풍신,전쟁의 신 아레스,"{""components"": [{""tag"": ""passive_buff"", ""evasion"": 25}]}"
2201,천 장갑,장갑,범용,1,,,,,,2,,,1,,,,🌲 나무,초기 지급,
2202,가죽 장갑,장갑,경갑,5,,,,,,5,,,3,,,,,상점,
2203,철 건틀릿,장갑,중갑,10,10,,,5,,12,,,8,,,명중률 +3%,,상점,"{""components"": [{""tag"": ""passive_buff"", ""accuracy"": 3}]}"
2204,전투 건틀릿,장갑,중갑,15,10,,,5,,18,,,12,,,치명타 +3%,,상점,"{""components"": [{""tag"": ""passive_buff"", ""crit_rate"": 3}]}"
2205,화염의 건틀릿,장갑,중갑,20,20,,,10,,28,,,15,,,화염 데미지 +10%,🔥 화염,화염의 군주,"{""components"": [{""tag"": ""passive_buff"", ""fire_damage"": 10}]}"
2206,드래곤 건틀릿,장갑,중갑,30,30,,,15,,45,,,25,,,치명타 +8%,🐲 드래곤,고대 드래곤,"{""components"": [{""tag"": ""passive_buff"", ""crit_rate"": 8}]}"
2207,암살자의 장갑,장갑,경갑,35,,,30,15,,55,,,15,,,"치명타 +12%, 치명타 뎀 +20%",🎭 혼돈,혼돈의 화신,"{""components"": [{""tag"": ""passive_buff"", ""crit_rate"": 12, ""crit_damage"": 20}]}"
2208,심연의 건틀릿,장갑,중갑,45,40,,,20,,70,,,30,,,"흡혈 +5%, 공격력 +10%",🌑 심연,심연의 군주,"{""components"": [{""tag"": ""passive_buff"", ""lifesteal"": 5}]}"
2209,천상의 건틀릿,장갑,로브,50,,40,,20,,80,,,35,,,스킬 쿨타임 -20%,✨ 천상,심판자,"{""components"": [{""tag"": ""cooldown_reduction"", ""cooldown_reduction"": 0.2}]}"
2210,시간의 건틀릿,장갑,경갑,60,,,55,28,,100,,,45,,,"공격속도 +30%, 연속 공격 +1회",⏰ 시간,공허의 지배자,"{""components"": [{""tag"": ""passive_buff"", ""speed"": 30}, {""tag"": ""extra_attack"", ""extra_attack_chance"": 0.5, ""max_chains"": 1, ""damage_multiplier"": 0.8}]}"
2211,각성의 건틀릿,장갑,중갑,70,55,,,28,,120,,,55,,,"각성 스킬 +25%, 치명타 +15%",💫 각성,깨어난 고대신,"{""components"": [{""tag"": ""passive_buff"", ""crit_rate"": 15}]}"
2212,고대 유물 건틀릿,장갑,중갑,80,70,,,35,,150,,,70,,,"치명타 +25%, 치명타 데미지 +40%",🏺 고대 유물,탑의 최종 수호자,"{""components"": [{""tag"": ""passive_buff"", ""crit_rate"": 25, ""crit_damage"": 40}]}"
2213,초월의 건틀릿,장갑,경갑,90,,,70,35,,190,,,90,,,"모든 공격력 +25%, 관통 +30%",🌟 초월,초월한 자,"{""components"": [{""tag"": ""passive_buff"", ""armor_pen"": 30}]}"
2214,전쟁신의 건틀릿,장갑,중갑,95,90,,,45,,240,,,110,,,"확정 치명타, 공격력 +40%",⚔️ 전쟁신,전쟁의 신 아레스,"{""components"": [{""tag"": ""passive_buff"", ""attack"": 40, ""critical_chance"": 100}]}"
2215,창조신의 건틀릿,장갑,범용,100,,,,,,300,,,140,,,"스킬 2개 동시 발동, 치명타 데미지 +80%",💎 창조신,창조신의 그림자,"{""components"": [{""tag"": ""passive_buff"", ""crit_damage"": 80}]}"
2216,사냥꾼의 장갑,장갑,경갑,10,,,10,5,,10,,,5,,,명중률 +3%,🏹 사냥꾼,잊혀진 숲,"{""components"": [{""tag"": ""passive_buff"", ""accuracy"": 3}]}"
2217,현자의 장갑,장갑,로브,20,,20,,10,,,20,,,10,,마법 데미지 +5%,📖 현자,어둠의 묘지,"{""components"": [{""tag"": ""passive_buff"", ""magic_damage"": 5}]}"
2218,그림자 장갑,장갑,경갑,30,,,30,15,,40,,,15,,,"치명타 +8%, 치명타 뎀 +15%",🗡️ 그림자,혼돈의 균열,"{""components"": [{""tag"": ""passive_buff"", ""crit_rate"": 8, ""crit_damage"": 15}]}"
2219,마도사의 장갑,장갑,로브,40,,30,,15,,,35,,,18,,스킬 쿨타임 -10%,🔮 마도사,몰락한 왕,"{""components"": [{""tag"": ""cooldown_reduction"", ""cooldown_reduction"": 0.1}]}"
2220,월광의 장갑,장갑,경갑,45,,,40,20,,55,,,22,,,"치명타 +10%, 치명타 뎀 +20%",🌙 월광,심연의 궁전,"{""components"": [{""tag"": ""passive_buff"", ""crit_rate"": 10, ""crit_damage"": 20}]}"
2221,공허의 건틀릿,장갑,중갑,55,55,,,28,,95,,,42,,,"흡혈 +5%, 공격력 +8%",🌀 공허,공허의 지배자,"{""components"": [{""tag"": ""passive_buff"", ""lifesteal"": 5}]}"
2222,심해의 장갑,장갑,로브,65,,55,,28,,,55,,,30,,"수속성 스킬 +15%, 회복 +10%",🌊 심해,심해의 크라켄,"{""components"": [{""tag"": ""passive_buff"", ""water_damage"": 15}]}"
2223,뇌신의 건틀릿,장갑,경갑,75,,,70,35,,135,,,50,,,"공격속도 +20%, 연쇄 공격 +1회",⚡ 뇌신,고대 문명 수호자,"{""components"": [{""tag"": ""passive_buff"", ""speed"": 20}, {""tag"": ""extra_attack"", ""extra_attack_chance"": 0.4, ""max_chains"": 1, ""damage_multiplier"": 0.7}]}"
2224,비전의 장갑,장갑,로브,80,,70,,35,,,85,,,42,,"모든 스킬 +15%, 마법 관통 +10%",🔮 비전,탑의 최종 수호자,"{""components"": [{""tag"": ""passive_buff"", ""magic_pen"": 10}]}"
2225,파멸의 건틀릿,장갑,중갑,85,70,,,35,,175,,,78,,,"치명타 데미지 +30%, 관통 +15%",💀 파멸,차원의 파괴자,"{""components"": [{""tag"": ""passive_buff"", ""crit_damage"": 30, ""armor_pen"": 15}]}"
2226,별빛의 장갑,장갑,로브,90,,70,,35,,,100,,,58,,"모든 스킬 +18%, 힐 효율 +15%",✨ 별빛,초월한 자,"{""components"": [{""tag"": ""skill_damage_boost"", ""damage_bonus"": 0.18}]}"
2227,질풍신의 장갑,장갑,경갑,95,,,90,45,,225,,,98,,,"확정 치명타 (선공 시), 연쇄 공격 +2",⚡ 질풍신,전쟁의 신 아레스,"{""components"": [{""tag"": ""extra_attack"", ""extra_attack_chance"": 0.8, ""max_chains"": 2, ""damage_multiplier"": 0.9}]}"
2301,천 신발,신발,범용,1,,,,,,,,,1,,+2,,🌲 나무,초기 지급,
2302,가죽 부츠,신발,경갑,5,,,,,,,,,3,,+4,,,상점,
2303,철 부츠,신발,중갑,10,10,,,5,,,,,8,,+5,,,상점,
2304,민첩의 부츠,신발,경갑,15,,,10,5,,,,,5,,+10,회피 +5%,,상점,"{""components"": [{""tag"": ""passive_buff"", ""evasion"": 5}]}"
2305,질풍의 부츠,신발,경갑,20,,,20,10,,,,,10,,+15,회피 +10%,⚡ 번개,폭풍의 봉우리,"{""components"": [{""tag"": ""passive_buff"", ""evasion"": 10}]}"
2306,드래곤 부츠,신발,중갑,30,30,,,15,,,,,18,,+18,속도 +15%,🐲 드래곤,고대 드래곤,"{""components"": [{""tag"": ""passive_buff"", ""bonus_speed_pct"": 15}]}"
2307,그림자 부츠,신발,경갑,35,,,30,15,,,,,12,,+22,"회피 +15%, 선공 +30%",🎭 혼돈,혼돈의 화신,"{""components"": [{""tag"": ""passive_buff"", ""evasion"": 15}, {""tag"": ""first_strike"", ""guaranteed"": false, ""speed_bonus"": 0.3}]}"
2308,심연의 부츠,신발,중갑,45,40,,,20,,,,,22,,+25,"이동속도 +20%, 회피 +12%",🌑 심연,심연의 군주,"{""components"": [{""tag"": ""passive_buff"", ""evasion"": 12}]}"
2309,천상의 부츠,신발,로브,50,,40,,20,,,,,28,,+30,행동 후 회피 +25% (1턴),✨ 천상,심판자,"{""components"": [{""tag"": ""passive_buff"", ""evasion"": 25}]}"
2310,시간의 부츠,신발,경갑,60,,,55,28,,,,,35,,+40,"30% 확률 추가 턴, 둔화 면역",⏰ 시간,공허의 지배자,"{""components"": [{""tag"": ""status_immunity"", ""immune_statuses"": [""둔화""]}]}"
2311,각성의 부츠,신발,중갑,70,55,,,28,,,,,42,,+48,"이동속도 +40%, 선공 확정",💫 각성,깨어난 고대신,"{""components"": [{""tag"": ""first_strike"", ""guaranteed"": true, ""speed_bonus"": 0.4}]}"
2312,고대 유물 부츠,신발,중갑,80,70,,,35,,,,,52,,+58,"회피 +30%, CC 지속 -50%",🏺 고대 유물,탑의 최종 수호자,"{""components"": [{""tag"": ""passive_buff"", ""evasion"": 30}]}"
2313,초월의 부츠,신발,경갑,90,,,70,35,,,,,65,,+70,"이동속도 +60%, 회피 +35%",🌟 초월,초월한 자,"{""components"": [{""tag"": ""passive_buff"", ""evasion"": 35}]}"
2314,태양신의 부츠,신발,로브,95,,90,,45,,,,,80,,+85,"선공 확정, 첫 턴 무적",☀️ 태양신,태양신 라,"{""components"": [{""tag"": ""first_strike"", ""guaranteed"": true, ""speed_bonus"": 0.0, ""first_turn_bonus"": 1}]}"
2315,창조신의 부츠,신발,범용,100,,,,,,,,,95,,+100,"완전 회피 30%, 텔레포트 스킬 해금",💎 창조신,창조신의 그림자,"{""components"": [{""tag"": ""passive_buff"", ""evasion"": 30}]}"
2316,사냥꾼의 부츠,신발,경갑,10,,,10,5,,,,,4,,+8,회피 +3%,🏹 사냥꾼,잊혀진 숲,"{""components"": [{""tag"": ""passive_buff"", ""evasion"": 3}]}"
2317,현자의 신발,신발,로브,20,,20,,10,,,,,,12,+12,,📖 현자,어둠의 묘지,
2318,그림자 경화,신발,경갑,30,,,30,15,,,,,12,,+20,"회피 +10%, 선공 +20%",🗡️ 그림자,혼돈의 균열,"{""components"": [{""tag"": ""passive_buff"", ""evasion"": 10}, {""tag"": ""first_strike"", ""guaranteed"": false, ""speed_bonus"": 0.2}]}"
2319,마도사의 신발,신발,로브,40,,30,,15,,,,,,20,+15,마법 피해 -8%,🔮 마도사,몰락한 왕,"{""components"": [{""tag"": ""passive_buff"", ""received_magic_damage"": -8}]}"
2320,월광의 부츠,신발,경갑,45,,,40,20,,,,,18,,+28,"회피 +12%, 선공 +25%",🌙 월광,심연의 궁전,"{""components"": [{""tag"": ""passive_buff"", ""evasion"": 12}, {""tag"": ""first_strike"", ""guaranteed"": false, ""speed_bonus"": 0.25}]}"
2321,공허의 부츠,신발,중갑,55,55,,,28,,,,,32,,+32,둔화 면역,🌀 공허,공허의 지배자,"{""components"": [{""tag"": ""status_immunity"", ""immune_statuses"": [""둔화""]}]}"
2322,심해의 신발,신발,로브,65,,55,,28,,,,,,35,+35,수속성 저항 +25%,🌊 심해,심해의 크라켄,"{""components"": [{""tag"": ""passive_buff"", ""water_resist"": 25}]}"
2323,뇌신의 부츠,신발,경갑,75,,,70,35,,,,,42,,+60,"번개 면역, 선공 확정",⚡ 뇌신,고대 문명 수호자,"{""components"": [{""tag"": ""first_strike"", ""guaranteed"": true, ""speed_bonus"": 0.0}]}"
2324,비전의 신발,신발,로브,80,,70,,35,,,,,,55,+52,"마법 피해 -15%, 디버프 저항 +20%",🔮 비전,탑의 최종 수호자,"{""components"": [{""tag"": ""passive_buff"", ""received_magic_damage"": -15, ""debuff_resistance"": 20}]}"
2325,파멸의 부츠,신발,중갑,85,70,,,35,,,,,60,,+52,피격 시 반격 15%,💀 파멸,차원의 파괴자,"{""components"": [{""tag"": ""counter_attack"", ""counter_chance"": 0.15, ""counter_damage_multiplier"": 0.5, ""condition"": ""always""}]}"
2326,별빛의 신발,신발,로브,90,,70,,35,,,,,,70,+62,"디버프 저항 +30%, CC 지속 -40%",✨ 별빛,초월한 자,"{""components"": [{""tag"": ""passive_buff"", ""debuff_resistance"": 30}, {""tag"": ""debuff_reduction"", ""reduction_percent"": 0.4}]}"
2327,질풍신의 부츠,신발,경갑,95,,,90,45,,,,,78,,+92,"추가 턴 25%, 둔화/속박 면역",⚡ 질풍신,전쟁의 신 아레스,"{""components"": [{""tag"": ""status_immunity"", ""immune_statuses"": [""둔화"", ""속박""]}]}"
2501,고대 수호자의 투구,방어구,중갑,15,30,,,15,,,,180,28,25,,"CC 지속 -40%, 정신계 면역",,수호자의 무덤,"{""components"": [{""tag"": ""debuff_reduction"", ""reduction_percent"": 0.4}, {""tag"": ""status_immunity"", ""immune_statuses"": [""정신지배"", ""혼란"", ""공포""]}]}"
2502,별의 로브,방어구,로브,12,,40,,20,,,,150,15,45,,"마법 피해 -25%, 별빛 아래 HP 5%/턴 회복",,별의 관측소,"{""components"": [{""tag"": ""passive_buff"", ""received_magic_damage"": -25}, {""tag"": ""regeneration"", ""regen_per_turn"": 0.05, ""regen_flat"": 0, ""regen_per_minute"": 0, ""combat_only"": true}]}"
2503,고대 드워프 갑옷,방어구,중갑,20,30,,,15,,,,280,40,20,,"물리 피해 -20%, 넉백 면역",,드워프 폐광,"{""components"": [{""tag"": ""passive_buff"", ""received_physical_damage"": -20}, {""tag"": ""status_immunity"", ""immune_statuses"": [""넉백""]}]}"
2504,요정의 날개 망토,방어구,경갑,10,,,40,20,,,,100,8,35,,"회피 +30%, 비행 (지형 효과 무시)",,요정의 숲 (히든),"{""components"": [{""tag"": ""passive_buff"", ""evasion"": 30}]}"
2505,은빛 늑대 가죽 갑옷,방어구,경갑,18,,,30,15,,,,220,32,22,,"속도 +25, 야간 시야 확보",,은빛 늑대 소굴,"{""components"": [{""tag"": ""passive_buff"", ""speed"": 25}]}"
2506,잠든 거인의 건틀릿,방어구,중갑,25,55,,,28,,,,200,55,35,,"공격력 +30%, 기절 확률 +15%",,거인의 무덤,"{""components"": [{""tag"": ""passive_buff"", ""attack"": 30, ""stun_chance"": 15}]}"
2601,두꺼운 가죽 갑옷,방어구,경갑,45,,,,,,,,350,35,20,,"가시 피해 5, 내구도 3배",,가죽 공방,"{""components"": [{""tag"": ""thorns_damage"", ""thorns_damage"": 5, ""thorns_percent"": 0.0}, {""tag"": ""durability_bonus"", ""durability_multiplier"": 3.0, ""repair_cost_reduction"": 0.0, ""unlimited_repairs"": false}]}"
2602,기사단 훈련복,방어구,중갑,55,,,,,,,,450,45,30,,"경험치 +10%, 훈련 던전 전용 버프",,기사단 훈련장,"{""components"": [{""tag"": ""passive_buff"", ""exp_bonus"": 10}, {""tag"": ""dungeon_specific_buff"", ""dungeon_ids"": [], ""dungeon_types"": [""training""], ""stat_bonuses"": {""attack"": 20, ""defense"": 15}}]}"
2603,광부 안전모,방어구,중갑,50,10,,,5,,,,300,40,25,,"낙석 피해 면역, 어둠 시야 확보",,광산 마을 상점,"{""components"": [{""tag"": ""status_immunity"", ""immune_statuses"": [""낙석""]}, {""tag"": ""exploration_speed"", ""exploration_speed"": 0.15, ""gathering_speed"": 0.0, ""encounter_rate"": 0.0}]}"
2604,순찰대 경갑,방어구,경갑,60,,,10,5,,,,550,55,40,,"이동속도 +15%, 기습 피해 -20%",,순찰대 본부,"{""components"": [{""tag"": ""passive_buff"", ""speed"": 15, ""ambush_damage_reduction"": 20}]}"
2605,농부의 튼튼한 장갑,방어구,범용,65,,,,,,,,200,50,30,,"채집 속도 +30%, 가시/독 면역",,농업 마을,"{""components"": [{""tag"": ""exploration_speed"", ""exploration_speed"": 0.0, ""gathering_speed"": 0.3, ""encounter_rate"": 0.0}]}"
2606,대장장이의 앞치마,방어구,중갑,70,10,,,5,,,,600,65,45,,"화염 저항 +40%, 제작 성공률 +10%",,마스터 대장장이,"{""components"": [{""tag"": ""passive_buff"", ""fire_resist"": 40}]}"
2607,병사의 군화,방어구,중갑,75,,,,,,,,350,55,35,,"행군 속도 +25%, 피로도 감소",,군수공장,"{""components"": [{""tag"": ""exploration_speed"", ""exploration_speed"": 0.25, ""gathering_speed"": 0.0, ""encounter_rate"": 0.0}]}"
2608,베테랑 수호자 갑옷,방어구,중갑,80,10,,,5,,,,750,80,55,,"아군 보호 시 피해 -20%, 도발 효과",,수호자 길드,"{""components"": [{""tag"": ""ally_protection"", ""damage_reduction"": 0.2, ""taunt_chance"": 0.5, ""taunt_duration"": 2}]}"
2701,점술사의 로브,방어구,특수,5~35,,,,,,,,100~400,,,,회피 10~30% 랜덤 (전투마다 변경),,점술사의 탑,"{""components"": [{""tag"": ""random_damage_variance"", ""variance_min"": 0.1, ""variance_max"": 0.3, ""mode"": ""per_combat""}]}"
2702,도박꾼의 조끼,방어구,특수,10~45,,,,,,,,150~500,,,,피격 시 50% 확률로 피해 2배 또는 0,,카지노 던전,"{""components"": [{""tag"": ""random_damage_variance"", ""min_multiplier"": 0.0, ""max_multiplier"": 2.0}]}"
2801,달의 갑옷,방어구,중갑,20,10,,,5,,,,180,,,,,,달의 신전,
2802,태양의 갑옷,방어구,중갑,20,10,,,5,,,,180,,,,,,태양의 신전,
2803,시련의 갑옷,방어구,범용,40,,,,,,,,250,,,,,,시련의 탑,
2804,희생자의 로브,방어구,로브,25,,,,,,,,150,,,,HP 10% 소모하여 3턴간 공격/방어 +40,,순교자의 묘지,"{""components"": [{""tag"": ""sacrifice_effect"", ""hp_cost_percent"": 0.1, ""buff_duration"": 3, ""stat_bonus"": {""attack"": 40, ""defense"": 40}}]}"
2901,화염 저항 망토,방어구,범용,15,,,,,,,,80,,,,"화염 면역, 다른 속성 취약 +30%",,화염 던전 입구,"{""components"": [{""tag"": ""passive_element_immunity"", ""immune_elements"": [""화염""]}, {""tag"": ""passive_element_resistance"", ""elements"": [""냉기"", ""번개"", ""수속성"", ""신성"", ""암흑""], ""resistance_percent"": -0.3}]}"
2902,냉기 저항 코트,방어구,범용,15,,,,,,,,80,,,,"냉기 면역, 다른 속성 취약 +30%",,냉기 던전 입구,"{""components"": [{""tag"": ""passive_element_immunity"", ""immune_elements"": [""냉기""]}, {""tag"": ""passive_element_resistance"", ""elements"": [""화염"", ""번개"", ""수속성"", ""신성"", ""암흑""], ""resistance_percent"": -0.3}]}"
2903,번개 저항 장갑,방어구,범용,15,,,,,,,,60,,,,"번개 면역, 다른 속성 취약 +30%",,번개 던전 입구,"{""components"": [{""tag"": ""passive_element_immunity"", ""immune_elements"": [""번개""]}, {""tag"": ""passive_element_resistance"", ""elements"": [""화염"", ""냉기"", ""수속성"", ""신성"", ""암흑""], ""resistance_percent"": -0.3}]}"
2904,완전 속성 갑옷,방어구,범용,50,,,,,,,,400,,,,"모든 속성 저항 +60%, 물리 피해 +40%",,원소의 제단,"{""components"": [{""tag"": ""passive_element_resistance"", ""elements"": [""화염"", ""냉기"", ""번개"", ""수속성"", ""신성"", ""암흑""], ""resistance_percent"": 0.6}, {""tag"": ""passive_buff"", ""received_physical_damage"": -40}]}"
2951,상처입은 갑옷,,특수,1,,,,,,,,,,,,,,전장의 유물,
2952,치유받은 로브,,특수,5,,,,,,,,,,,,,,치유사 길드,
3001,행운의 부적,목걸이,행운,1,,,,,,,,,,,,드롭률 +5%,,상점,"{""components"": [{""tag"": ""passive_buff"", ""drop_rate"": 5}]}"
3002,전사의 목걸이,목걸이,전사,10,10,,,,,,,,,,,Attack +10,,상점,"{""components"": [{""tag"": ""passive_buff"", ""attack"": 10}]}"
3003,마법사의 목걸이,목걸이,마법,10,,10,,,,,,,,,,AP_Attack +15,,상점,"{""components"": [{""tag"": ""passive_buff"", ""ap_attack"": 15}]}"
3004,화염의 목걸이,목걸이,전사,20,20,,,,,,,,,,,"화염 데미지 +20%, 화염 저항 +15%",🔥 화염,화염의 군주,"{""components"": [{""tag"": ""passive_buff"", ""fire_damage"": 20, ""fire_resist"": 15}]}"
3005,냉기의 목걸이,목걸이,마법,20,,20,,,,,,,,,,"냉기 데미지 +20%, 냉기 저항 +15%",❄️ 냉기,서리 마녀,"{""components"": [{""tag"": ""passive_buff"", ""ice_damage"": 20, ""ice_resist"": 15}]}"
3006,번개의 목걸이,목걸이,민첩,20,,,20,,,,,,,,,"번개 데미지 +20%, 번개 저항 +15%",⚡ 번개,천둥의 왕,"{""components"": [{""tag"": ""passive_buff"", ""lightning_damage"": 20, ""lightning_resist"": 15}]}"
3007,생명의 목걸이,목걸이,생존,20,,,,20,,,,,,,,"HP +15%, 회복량 +10%",💧 수속성,심해의 사제,"{""components"": [{""tag"": ""passive_buff"", ""bonus_hp_pct"": 15}]}"
3008,용의 목걸이,목걸이,전사,30,30,,,,,,,,,,,"모든 스탯 +5%, 저항 +10%",🐲 드래곤,고대 드래곤,"{""components"": [{""tag"": ""passive_buff"", ""bonus_all_stats_pct"": 5}]}"
3009,혼돈의 목걸이,목걸이,민첩,35,,,30,,,,,,,,,"모든 데미지 +15%, 받는 피해 +10%",🎭 혼돈,혼돈의 화신,"{""components"": [{""tag"": ""passive_buff"", ""all_damage"": 15, ""received_all_damage"": 10}]}"
3010,심연의 목걸이,목걸이,전사,45,40,,,,,,,,,,,"흡혈 +10%, 암흑 데미지 +25%",🌑 심연,심연의 군주,"{""components"": [{""tag"": ""passive_buff"", ""lifesteal"": 10, ""dark_damage"": 25}]}"
3011,천상의 목걸이,목걸이,마법,50,,40,,,,,,,,,,"신성 데미지 +25%, 회복량 +25%",✨ 천상,심판자,"{""components"": [{""tag"": ""passive_buff"", ""holy_damage"": 25}]}"
3012,시간의 목걸이,목걸이,민첩,60,,,55,,,,,,,,,"버프 지속 +100%, 시간 정지 저항",⏰ 시간,공허의 지배자,"{""components"": [{""tag"": ""buff_duration_extension"", ""duration_multiplier"": 2.0}]}"
3013,각성의 목걸이,목걸이,전사,70,55,,,,,,,,,,,"각성 스킬 +40%, 원소 저항 +25%",💫 각성,깨어난 고대신,"{""components"": [{""tag"": ""skill_type_damage_boost"", ""skill_type"": ""awakening"", ""damage_bonus"": 0.4}]}"
3014,고대 유물 목걸이,목걸이,전사,80,70,,,,,,,,,,,"모든 스탯 +12%, 상태이상 저항 +40%",🏺 고대 유물,탑의 최종 수호자,"{""components"": [{""tag"": ""passive_buff"", ""bonus_all_stats_pct"": 12}]}"
3015,초월의 목걸이,목걸이,민첩,90,,,70,,,,,,,,,"모든 피해 +30%, 받는 피해 -20%",🌟 초월,초월한 자,"{""components"": [{""tag"": ""skill_damage_boost"", ""damage_bonus"": 0.3}]}"
3016,태양신의 목걸이,목걸이,마법,95,,90,,,,,,,,,,"신성 +60%, 부활 1회 (HP 50%)",☀️ 태양신,태양신 라,"{""components"": [{""tag"": ""revive"", ""revive_hp_percent"": 0.5, ""revive_count"": 1, ""invincible_turns"": 0}]}"
3017,창조신의 목걸이,목걸이,범용,100,,,,,,,,,,,,"모든 스킬 +30%, 궁극기 쿨타임 무시",💎 창조신,창조신의 그림자,"{""components"": [{""tag"": ""skill_damage_boost"", ""damage_bonus"": 0.3}]}"
3018,축복받은 목걸이,목걸이,생존,20,,,,20,,,,,,,,"HP 재생 +10/분, 회복량 +5%",💚 생명,생명의 수호자,"{""components"": [{""tag"": ""regeneration"", ""regen_per_turn"": 0.0, ""regen_flat"": 0, ""regen_per_minute"": 10, ""combat_only"": false}]}"
3019,사냥꾼의 목걸이,목걸이,민첩,10,,,10,,,,,,,,,"명중률 +5%, 치명타 +2%",🏹 사냥꾼,고블린 족장,"{""components"": [{""tag"": ""passive_buff"", ""accuracy"": 5, ""crit_rate"": 2}]}"
3020,그림자의 목걸이,목걸이,민첩,30,,,30,,,,,,,,,"치명타 +8%, 회피 +5%",🗡️ 그림자,혼돈의 화신,"{""components"": [{""tag"": ""passive_buff"", ""crit_rate"": 8, ""evasion"": 5}]}"
3022,월광의 목걸이,목걸이,민첩,45,,,40,,,,,,,,,"치명타 +12%, 회피 +8%",🌙 월광,심연의 군주,"{""components"": [{""tag"": ""passive_buff"", ""crit_rate"": 12, ""evasion"": 8}]}"
3024,뇌신의 목걸이,목걸이,민첩,75,,,70,,,,,,,,,"번개 데미지 +30%, 연쇄 피해 +15%",⚡ 뇌신,고대 문명 수호자,"{""components"": [{""tag"": ""passive_buff"", ""lightning_damage"": 30}]}"
3026,파멸의 목걸이,목걸이,전사,85,70,,,,,,,,,,,"물리 데미지 +25%, 관통 +20%",💀 파멸,차원의 파괴자,"{""components"": [{""tag"": ""passive_buff"", ""armor_pen"": 20}]}"
3028,질풍신의 목걸이,목걸이,민첩,95,,,90,,,,,,,,,"회피 +20%, 치명타 +20%, 속도 +30",⚡ 질풍신,전쟁의 신 아레스,"{""components"": [{""tag"": ""passive_buff"", ""evasion"": 20, ""crit_rate"": 20, ""speed"": 30}]}"
3101,철 반지,반지,생존,1,,,,,,,,,,,,AD_Defense +5,,상점,"{""components"": [{""tag"": ""passive_buff"", ""ad_defense"": 5}]}"
3102,은 반지,반지,생존,5,,,,,,,,,,,,AP_Defense +5,,상점,"{""components"": [{""tag"": ""passive_buff"", ""ap_defense"": 5}]}"
3103,전투의 반지,반지,전사,10,10,,,,,,,,,,,"Attack +8, 치명타 +2%",,상점,"{""components"": [{""tag"": ""passive_buff"", ""attack"": 8, ""crit_rate"": 2}]}"
3104,마력의 반지,반지,마법,10,,10,,,,,,,,,,"AP_Attack +12, 마나 +10%",,상점,"{""components"": [{""tag"": ""passive_buff"", ""ap_attack"": 12}]}"
3105,화염의 반지,반지,전사,20,20,,,,,,,,,,,화염 스킬 +15%,🔥 화염,화염의 군주,"{""components"": [{""tag"": ""passive_buff"", ""fire_damage"": 15}]}"
3106,냉기의 반지,반지,마법,20,,20,,,,,,,,,,냉기 스킬 +15%,❄️ 냉기,서리 마녀,"{""components"": [{""tag"": ""passive_buff"", ""ice_damage"": 15}]}"
3107,번개의 반지,반지,민첩,20,,,20,,,,,,,,,번개 스킬 +15%,⚡ 번개,천둥의 왕,"{""components"": [{""tag"": ""passive_buff"", ""lightning_damage"": 15}]}"
3108,흡혈의 반지,반지,전사,25,20,,,,,,,,,,,흡혈 +5%,🌑 심연,리치 킹,"{""components"": [{""tag"": ""passive_buff"", ""lifesteal"": 5}]}"
3109,용의 반지,반지,전사,30,30,,,,,,,,,,,모든 데미지 +10%,🐲 드래곤,고대 드래곤,"{""components"": [{""tag"": ""skill_damage_boost"", ""damage_bonus"": 0.1}]}"
3110,왕의 반지,반지,범용,40,,,,,,,,,,,,"모든 스탯 +3%, 경험치 +10%",,몰락한 왕,"{""components"": [{""tag"": ""passive_buff"", ""bonus_all_stats_pct"": 3, ""exp_bonus"": 10}]}"
3111,심연의 반지,반지,전사,45,40,,,,,,,,,,,"흡혈 +8%, 치명타 +10%",🌑 심연,심연의 군주,"{""components"": [{""tag"": ""passive_buff"", ""lifesteal"": 8, ""crit_rate"": 10}]}"
3112,천상의 반지,반지,마법,50,,40,,,,,,,,,,"모든 저항 +20%, 회복 +15%",✨ 천상,심판자,"{""components"": [{""tag"": ""passive_buff"", ""fire_resist"": 20, ""ice_resist"": 20, ""lightning_resist"": 20, ""water_resist"": 20, ""holy_resist"": 20, ""dark_resist"": 20}]}"
3113,시간의 반지,반지,민첩,60,,,55,,,,,,,,,"쿨타임 -30%, 버프 지속 +50%",⏰ 시간,공허의 지배자,"{""components"": [{""tag"": ""buff_duration_extension"", ""duration_multiplier"": 1.5}]}"
3114,각성의 반지,반지,전사,70,55,,,,,,,,,,,"각성 스킬 +25%, 치명타 +12%",💫 각성,깨어난 고대신,"{""components"": [{""tag"": ""passive_buff"", ""crit_rate"": 12}]}"
3115,고대 유물 반지,반지,전사,80,70,,,,,,,,,,,"모든 스탯 +8%, 상태이상 저항 +25%",🏺 고대 유물,탑의 최종 수호자,"{""components"": [{""tag"": ""passive_buff"", ""bonus_all_stats_pct"": 8}]}"
3116,초월의 반지,반지,민첩,90,,,70,,,,,,,,,"모든 피해 +20%, 흡혈 +15%",🌟 초월,초월한 자,"{""components"": [{""tag"": ""passive_buff"", ""lifesteal"": 15}]}"
3117,태양신의 반지,반지,마법,95,,90,,,,,,,,,,"신성 +40%, 확정 치명타 (HP 30% 이상 적)",☀️ 태양신,태양신 라,"{""components"": [{""tag"": ""passive_buff"", ""holy_damage"": 40}, {""tag"": ""conditional_damage_boost"", ""condition"": ""target_high_hp"", ""damage_bonus"": 0.5, ""threshold_high"": 0.3, ""force_critical"": true}]}"
3118,창조신의 반지,반지,범용,100,,,,,,,,,,,,"모든 스킬 +20%, 피해 면역 10%",💎 창조신,창조신의 그림자,"{""components"": [{""tag"": ""skill_damage_boost"", ""damage_bonus"": 0.2}]}"
3119,재생 반지,반지,생존,5,,,,,,,,,,,,HP 재생 +2/분,💚 생명,상점,"{""components"": [{""tag"": ""regeneration"", ""regen_per_turn"": 0.0, ""regen_flat"": 0, ""regen_per_minute"": 2, ""combat_only"": false}]}"
3120,생명의 반지,반지,생존,10,,,,10,,,,,,,,"HP 재생 +5/분, HP +5%",💚 생명,숲의 정령,"{""components"": [{""tag"": ""passive_buff"", ""bonus_hp_pct"": 5}, {""tag"": ""regeneration"", ""regen_per_turn"": 0.0, ""regen_flat"": 0, ""regen_per_minute"": 5, ""combat_only"": false}]}"
3121,생명의 심장,반지,생존,35,,,,30,,,,,,,,"HP 재생 +20/분, HP +10%, 회복량 +10%",💚 생명,세계수의 정령,"{""components"": [{""tag"": ""passive_buff"", ""bonus_hp_pct"": 10}, {""tag"": ""regeneration"", ""regen_per_turn"": 0.0, ""regen_flat"": 0, ""regen_per_minute"": 20, ""combat_only"": false}]}"
3122,불멸의 문장,반지,생존,50,,,,40,,,,,,,,"HP 재생 +50/분, HP +20%, 전투 외 HP 회복 2배",💚 생명,생명의 수호신,"{""components"": [{""tag"": ""passive_buff"", ""bonus_hp_pct"": 20}, {""tag"": ""regeneration"", ""regen_per_turn"": 0.0, ""regen_flat"": 0, ""regen_per_minute"": 100, ""combat_only"": false}]}"
3123,사냥꾼의 반지,반지,민첩,10,,,10,,,,,,,,,"회피 +3%, 속도 +3",🏹 사냥꾼,잊혀진 숲,"{""components"": [{""tag"": ""passive_buff"", ""evasion"": 3, ""speed"": 3}]}"
3125,그림자의 반지,반지,민첩,30,,,30,,,,,,,,,"치명타 데미지 +15%, 속도 +10",🗡️ 그림자,혼돈의 균열,"{""components"": [{""tag"": ""passive_buff"", ""crit_damage"": 15, ""speed"": 10}]}"
3127,월광의 반지,반지,민첩,45,,,40,,,,,,,,,"치명타 데미지 +20%, 속도 +15",🌙 월광,심연의 군주,"{""components"": [{""tag"": ""passive_buff"", ""crit_damage"": 20, ""speed"": 15}]}"
3129,뇌신의 반지,반지,민첩,75,,,70,,,,,,,,,"공격속도 +15%, 치명타 +12%",⚡ 뇌신,고대 문명 수호자,"{""components"": [{""tag"": ""passive_buff"", ""crit_rate"": 12}]}"
3131,파멸의 반지,반지,전사,85,70,,,,,,,,,,,"치명타 +18%, 치명타 데미지 +25%",💀 파멸,차원의 파괴자,"{""components"": [{""tag"": ""passive_buff"", ""crit_rate"": 18, ""crit_damage"": 25}]}"
3133,질풍신의 반지,반지,민첩,95,,,90,,,,,,,,,"치명타 데미지 +50%, 추가 턴 15%",⚡ 질풍신,전쟁의 신 아레스,"{""components"": [{""tag"": ""passive_buff"", ""crit_damage"": 50}]}"
3501,현자의 반지,,마법,8,,30,,,,,,,,,,"AP_Attack +25, 모든 스킬 쿨타임 -15%",,고대 도서관,"{""components"": [{""tag"": ""passive_buff"", ""ap_attack"": 25}]}"
3502,용의 눈 목걸이,,전사,15,40,,,,,,,,,,,"치명타 +15%, 드래곤 종족 탐지, 드래곤 저항 +25%",,용의 둥지 (비밀 방),"{""components"": [{""tag"": ""passive_buff"", ""crit_rate"": 15}]}"
3503,시간의 모래시계,,민첩,20,,,40,,,,,,,,,"전투 시작 시 2턴 선공, 버프 지속 +50%",,시간의 균열,"{""components"": [{""tag"": ""first_strike"", ""guaranteed"": true, ""speed_bonus"": 0.0, ""first_turn_bonus"": 2}, {""tag"": ""buff_duration_extension"", ""duration_multiplier"": 1.5}]}"
3504,암살자의 귀걸이,,민첩,12,,,30,,,,,,,,,"치명타 데미지 +40%, 은신 지속 +2턴",,암살자 길드,"{""components"": [{""tag"": ""passive_buff"", ""crit_damage"": 40}]}"
3505,축복받은 십자가,,마법,5,,30,,,,,,,,,,"신성 데미지 +30%, 언데드 피해 -30%",,성스러운 대성당 (비밀),"{""components"": [{""tag"": ""passive_buff"", ""holy_damage"": 30}]}"
3506,어둠의 심장,,전사,22,55,,,,,,,,,,,"흡혈 +20%, 암흑 스킬 +35%, 신성에 취약 +30%",,암흑의 심연,"{""components"": [{""tag"": ""passive_buff"", ""lifesteal"": 20, ""dark_damage"": 35}]}"
4001,나무 방패,방패,방패,1,,,,,,,,,5,3,,,🌲 나무,초기 지급,
4002,철 방패,방패,방패,5,,,,,,,,,12,8,,,⚙️ 철,상점,
4003,강철 방패,방패,방패,10,5,,,10,,,,,22,15,,블록 +5%,🛡️ 강철,상점,"{""components"": [{""tag"": ""passive_buff"", ""block_rate"": 5}]}"
4004,화염의 방패,방패,방패,20,10,,,20,,,,,35,25,,화염 저항 +25%,🔥 화염,화염의 군주,"{""components"": [{""tag"": ""passive_buff"", ""fire_resist"": 25}]}"
4005,드래곤 방패,방패,방패,30,15,,,30,,,,,55,45,,"모든 저항 +15%, 블록 +10%",🐉 드래곤,고대 드래곤,"{""components"": [{""tag"": ""passive_buff"", ""fire_resist"": 15, ""ice_resist"": 15, ""lightning_resist"": 15, ""water_resist"": 15, ""holy_resist"": 15, ""dark_resist"": 15, ""block_rate"": 10}]}"
4006,심연의 방패,방패,방패,45,20,,,40,,,,,75,60,,"피해 -15%, 반사 10%",🌑 심연,심연의 군주,"{""components"": [{""tag"": ""passive_buff"", ""received_all_damage"": -15}, {""tag"": ""damage_reflection"", ""reflection_percent"": 0.1}]}"
4007,시간의 방패,방패,방패,60,28,,,55,,,,,95,80,,"피해 이연 40%, 시간 저항",⏳ 시간,공허의 지배자,"{""components"": [{""tag"": ""damage_delay"", ""delay_percent"": 0.4, ""max_delayed_damage"": 0, ""attribute_resistance"": [""시간""]}]}"
4008,각성의 방패,방패,방패,70,28,,,55,,,,,115,100,,"블록 +25%, 원소 저항 +30%",👁️ 각성,깨어난 고대신,"{""components"": [{""tag"": ""passive_buff"", ""block_rate"": 25}]}"
4009,고대 유물 방패,방패,방패,80,35,,,70,,,,,140,125,,"피해 -25%, 반사 20%",🏛️ 고대 유물,탑의 최종 수호자,"{""components"": [{""tag"": ""passive_buff"", ""received_all_damage"": -25}, {""tag"": ""damage_reflection"", ""reflection_percent"": 0.2}]}"
4010,초월의 방패,방패,방패,90,35,,,70,,,,,170,155,,"치명타 면역, 피해 -30%",✨ 초월,초월한 자,"{""components"": [{""tag"": ""status_immunity"", ""immune_statuses"": [""치명타""]}, {""tag"": ""passive_buff"", ""received_all_damage"": -30}]}"
4011,태양신의 방패,방패,방패,95,45,,,90,,,,,200,185,,"물리/마법 면역 교대, 반사 30%",☀️ 태양신,태양신 라,"{""components"": [{""tag"": ""damage_reflection"", ""reflection_percent"": 0.3}]}"
4012,창조신의 방패,방패,방패,100,45,,,90,,,,,240,220,,"모든 피해 -50%, 5턴마다 무적 1턴",🌌 창조신,창조신의 그림자,"{""components"": [{""tag"": ""passive_buff"", ""received_all_damage"": -50}, {""tag"": ""periodic_invincibility"", ""interval"": 5, ""duration"": 1, ""damage_reduction"": 1.0}]}"
4101,초보자 마법서,오브,오브,1,,,,,,,5,,,,,,,초기 지급,
4102,마력의 오브,오브,오브,5,,,,,,,12,,,,,,,상점,
4103,화염의 오브,오브,오브,15,,10,,,,,25,,,,,화염 스킬 +10%,🔥 화염,불타는 광산,"{""components"": [{""tag"": ""passive_buff"", ""fire_damage"": 10}]}"
4104,냉기의 오브,오브,오브,15,,10,,,,,25,,,,,냉기 스킬 +10%,❄️ 냉기,얼어붙은 호수,"{""components"": [{""tag"": ""passive_buff"", ""ice_damage"": 10}]}"
4105,뇌전의 오브,오브,오브,20,,20,,,,,40,,,,,번개 스킬 +15%,⚡ 번개,폭풍의 봉우리,"{""components"": [{""tag"": ""passive_buff"", ""lightning_damage"": 15}]}"
4106,심해의 오브,오브,오브,20,,20,,,,,35,,,,,회복 스킬 +20%,🌊 심해,수몰된 신전,"{""components"": [{""tag"": ""skill_type_damage_boost"", ""skill_type"": ""heal"", ""damage_bonus"": 0.2}]}"
4107,용의 오브,오브,오브,30,,30,,,,,65,,,,,모든 속성 스킬 +12%,🐉 드래곤,고대 드래곤,"{""components"": [{""tag"": ""passive_buff"", ""fire_damage"": 12, ""ice_damage"": 12, ""lightning_damage"": 12, ""water_damage"": 12, ""holy_damage"": 12, ""dark_damage"": 12}]}"
4108,창세의 오브,오브,오브,50,,40,,,,,120,,,,,"모든 스킬 +20%, 쿨타임 -15%",📜 창세,창세의 관찰자,"{""components"": [{""tag"": ""skill_damage_boost"", ""damage_bonus"": 0.2}]}"
4109,시간의 오브,오브,오브,60,,55,,,,,160,,,,,"시간 스킬 해금, 버프 지속 +100%",⏳ 시간,공허의 지배자,"{""components"": [{""tag"": ""buff_duration_extension"", ""duration_multiplier"": 2.0}]}"
4110,각성의 오브,오브,오브,70,,55,,,,,200,,,,,"각성 스킬 +50%, 원소 +20%",👁️ 각성,깨어난 고대신,"{""components"": [{""tag"": ""skill_type_damage_boost"", ""skill_type"": ""awakening"", ""damage_bonus"": 0.5}, {""tag"": ""skill_damage_boost"", ""damage_bonus"": 0.2}]}"
4111,고대 유물 오브,오브,오브,80,,70,,,,,260,,,,,"마법 관통 +50%, 쿨타임 -40%",🏛️ 고대 유물,탑의 최종 수호자,"{""components"": [{""tag"": ""passive_buff"", ""magic_pen"": 50}]}"
4112,초월의 오브,오브,오브,90,,70,,,,,330,,,,,"모든 스킬 +40%, 동시 발동 +1",✨ 초월,초월한 자,"{""components"": [{""tag"": ""skill_damage_boost"", ""damage_bonus"": 0.4}]}"
4113,태양신의 오브,오브,오브,95,,90,,,,,420,,,,,"신성 +80%, 아군 힐 2배",☀️ 태양신,태양신 라,"{""components"": [{""tag"": ""passive_buff"", ""holy_damage"": 80}]}"
4114,창조신의 오브,오브,오브,100,,90,,,,,520,,,,,"모든 스킬 +60%, 궁극기 즉시 충전",🌌 창조신,창조신의 그림자,"{""components"": [{""tag"": ""skill_damage_boost"", ""damage_bonus"": 0.6}]}"
4115,현자의 오브,오브,오브,20,,20,,,,,30,,,,,모든 마법 +8%,📖 현자,성스러운 대성당,"{""components"": [{""tag"": ""passive_buff"", ""fire_damage"": 8, ""ice_damage"": 8, ""lightning_damage"": 8, ""water_damage"": 8, ""holy_damage"": 8, ""dark_damage"": 8}]}"
4116,마도사의 오브,오브,오브,40,,30,,,,,50,,,,,"모든 마법 +12%, 쿨타임 -10%",🔮 마도사,몰락한 왕,"{""components"": [{""tag"": ""passive_buff"", ""fire_damage"": 12, ""ice_damage"": 12, ""lightning_damage"": 12, ""water_damage"": 12, ""holy_damage"": 12, ""dark_damage"": 12}, {""tag"": ""cooldown_reduction"", ""cooldown_reduction"": 0.1}]}"
4117,심해의 오브,오브,오브,65,,55,,,,,80,,,,,"수속성 +30%, 회복 스킬 +25%",🌊 심해,심해의 크라켄,"{""components"": [{""tag"": ""passive_buff"", ""water_damage"": 30}]}"
4118,비전의 오브,오브,오브,80,,70,,,,,180,,,,,"마법 관통 +30%, 모든 스킬 +20%",🔮 비전,탑의 최종 수호자,"{""components"": [{""tag"": ""passive_buff"", ""magic_pen"": 30}]}"
4119,별빛의 오브,오브,오브,90,,70,,,,,240,,,,,"신성 +35%, 모든 힐 +30%",✨ 별빛,초월한 자,"{""components"": [{""tag"": ""passive_buff"", ""holy_damage"": 35, ""healing_power"": 30}]}"
5001,무한의 주머니,장신구,반지,25,,,,,,,,80,,,,"사용한 스킬 30% 재장전",🎲 도박,상점,"{""components"": [{""tag"": ""skill_refresh"", ""refresh_chance"": 0.3}]}"
5002,운명의 주사위,장신구,반지,35,,,,,,,,120,,,,"매 턴 1회 스킬 리롤",🎲 도박,도박의 신,"{""components"": [{""tag"": ""skill_reroll"", ""rerolls_per_turn"": 1}]}"
5003,이중 홀스터,장신구,벨트,40,,,,,,,,150,,,,"스킬 2개 뽑아서 랜덤 선택",🎲 도박,혼돈의 상인,"{""components"": [{""tag"": ""double_draw"", ""proc_chance"": 1.0, ""auto_select_better"": false}]}"
5004,전술가의 덱,장신구,벨트,55,,,,,,,,180,,,,"스킬 2개 중 강한 것 자동 선택",🎯 전술,전략의 대가,"{""components"": [{""tag"": ""double_draw"", ""proc_chance"": 1.0, ""auto_select_better"": true}]}"
5005,특화 암기,장신구,목걸이,30,,,,,,,,100,,,,"화염 스킬 50% 재장전",🔥 화염,불타는 광산,"{""components"": [{""tag"": ""skill_refresh"", ""refresh_chance"": 0.5, ""specific_skill_ids"": [1101, 1102, 1103, 1104, 1105]}]}"
5006,행운의 부적,장신구,목걸이,50,,,,,,,,200,,,,"매 턴 2회 스킬 리롤",🍀 행운,운명의 여신,"{""components"": [{""tag"": ""skill_reroll"", ""rerolls_per_turn"": 2}]}"
5007,피의 계약서,장신구,악세서리,30,,,,,,,,100,,,,"HP 5% 소모, 데미지 +30%",🩸 희생,악마의 상인,"{""components"": [{""tag"": ""hp_cost_empower"", ""hp_cost_percent"": 5.0, ""damage_boost_percent"": 30.0, ""min_hp_threshold"": 10.0}]}"
5008,광기의 검,검,대검,50,40,,,,,280,,,,,"HP 10% 소모, 데미지 +60%",🩸 희생,광기의 화신,"{""components"": [{""tag"": ""hp_cost_empower"", ""hp_cost_percent"": 10.0, ""damage_boost_percent"": 60.0, ""min_hp_threshold"": 5.0}]}"
5009,생명의 대가,장신구,반지,60,,,,,,,,250,,,,"HP 15% 소모, 데미지 +100%",🩸 희생,생명의 악마,"{""components"": [{""tag"": ""hp_cost_empower"", ""hp_cost_percent"": 15.0, ""damage_boost_percent"": 100.0, ""min_hp_threshold"": 1.0}]}"
5010,광전사의 투구,투구,투구,35,,,,25,,,,,120,80,,"방어력 30% → 공격력 전환",⚔️ 광전사,광전사의 무덤,"{""components"": [{""tag"": ""defense_to_attack"", ""conversion_ratio"": 0.3}]}"
5011,자살 특공대 갑옷,갑옷,갑옷,55,,,40,,,,,,200,120,,"방어력 50% → 공격력 전환",⚔️ 광전사,자살 특공대장,"{""components"": [{""tag"": ""defense_to_attack"", ""conversion_ratio"": 0.5}]}"
5012,유리 대포의 갑옷,갑옷,갑옷,70,,,,50,,,,,280,150,,"방어력 80% → 공격력 전환",⚔️ 광전사,유리 기사,"{""components"": [{""tag"": ""defense_to_attack"", ""conversion_ratio"": 0.8}]}"
5013,화염 마스터의 로브,갑옷,로브,40,,30,,,,,,,,150,80,"화염 스킬 연속 +15%/스택 (최대 3)",🔥 화염,화염의 군주,"{""components"": [{""tag"": ""consecutive_skill_bonus"", ""target_skill_type"": ""fire"", ""bonus_per_stack"": 15.0, ""max_stacks"": 3}]}"
5014,냉기 마스터의 로브,갑옷,로브,40,,30,,,,,,,,150,80,"냉기 스킬 연속 +15%/스택 (최대 3)",❄️ 냉기,서리 마녀,"{""components"": [{""tag"": ""consecutive_skill_bonus"", ""target_skill_type"": ""ice"", ""bonus_per_stack"": 15.0, ""max_stacks"": 3}]}"
5015,번개 마스터의 로브,갑옷,로브,40,,30,,,,,,,,150,80,"번개 스킬 연속 +15%/스택 (최대 3)",⚡ 번개,천둥의 왕,"{""components"": [{""tag"": ""consecutive_skill_bonus"", ""target_skill_type"": ""lightning"", ""bonus_per_stack"": 15.0, ""max_stacks"": 3}]}"
5016,광전사의 사슬,장신구,목걸이,45,,,,,,,,150,,,,"공격 스킬 연속 +10%/스택 (최대 5)",⚔️ 광전사,광전사 왕,"{""components"": [{""tag"": ""consecutive_skill_bonus"", ""target_skill_type"": ""attack"", ""bonus_per_stack"": 10.0, ""max_stacks"": 5}]}"
5017,만능 벨트,장신구,벨트,30,,,,,,,,120,,,,"다양성 보너스 +5%/종 (최대 4종, 중복 리셋)",🌈 다양성,만물상 상인,"{""components"": [{""tag"": ""skill_variety_bonus"", ""bonus_per_unique"": 5.0, ""max_unique_count"": 4, ""reset_on_repeat"": true}]}"
5018,카멜레온 망토,망토,망토,55,,,,,,,,180,80,,"다양성 보너스 +8%/종 (최대 5종)",🌈 다양성,변신의 도적,"{""components"": [{""tag"": ""skill_variety_bonus"", ""bonus_per_unique"": 8.0, ""max_unique_count"": 5, ""reset_on_repeat"": false}]}"
5019,팔방미인의 반지,장신구,반지,70,,,,,,,,250,,,,"다양성 보너스 +12%/종 (최대 5종)",🌈 다양성,팔방미인,"{""components"": [{""tag"": ""skill_variety_bonus"", ""bonus_per_unique"": 12.0, ""max_unique_count"": 5, ""reset_on_repeat"": false}]}"
5020,시계태엽 건틀릿,장갑,건틀릿,35,,,,20,,,80,,,,"3턴마다 데미지 200%",⏰ 시간,시계공,"{""components"": [{""tag"": ""turn_count_empower"", ""trigger_interval"": 3, ""damage_multiplier"": 2.0}]}"
5021,혜성 반지,장신구,반지,50,,,,,,,,200,,,,"5턴마다 데미지 300%",⭐ 혜성,혜성 감시자,"{""components"": [{""tag"": ""turn_count_empower"", ""trigger_interval"": 5, ""damage_multiplier"": 3.0}]}"
5022,기적의 팬던트,장신구,목걸이,65,,,,,,,,280,,,,"7턴마다 데미지 500%",✨ 기적,기적의 성자,"{""components"": [{""tag"": ""turn_count_empower"", ""trigger_interval"": 7, ""damage_multiplier"": 5.0}]}"
5023,시간의 검,검,대검,40,30,,,,,120,,100,,,,"매 턴 3%씩 성장 (최대 30%)",⏳ 성장,시간의 수호자,"{""components"": [{""tag"": ""accumulation"", ""growth_per_turn"": 3.0, ""max_growth"": 30.0}]}"
5024,무한 성장의 반지,장신구,반지,60,,,,,,,,250,,,,"매 턴 5%씩 성장 (최대 100%)",⏳ 성장,영원의 현자,"{""components"": [{""tag"": ""accumulation"", ""growth_per_turn"": 5.0, ""max_growth"": 100.0}]}"
5025,진화하는 갑옷,갑옷,갑옷,75,,,,60,,,,,300,200,"매 턴 8%씩 성장 (최대 200%)",⏳ 성장,진화의 괴물,"{""components"": [{""tag"": ""accumulation"", ""growth_per_turn"": 8.0, ""max_growth"": 200.0}]}"
5101,도박사의 유물,장신구,목걸이,65,,,,,,,,,280,,,,"스킬 2개 선택 + 30% 재장전",🎲 전설,도박의 신,"{""components"": [{""tag"": ""double_draw"", ""proc_chance"": 1.0}, {""tag"": ""skill_refresh"", ""refresh_chance"": 0.3}]}"
5102,광전사의 유산,갑옷,갑옷,75,,,,70,,,,,350,220,"HP 소모 강화 + 누적 성장",🩸 전설,광전사의 영혼,"{""components"": [{""tag"": ""hp_cost_empower"", ""hp_cost_percent"": 8.0, ""damage_boost_percent"": 50.0}, {""tag"": ""accumulation"", ""growth_per_turn"": 3.0, ""max_growth"": 60.0}]}"
5103,화염 패권의 로브,갑옷,로브,70,,60,,,,,,,,280,150,"화염 연속 보너스 + 화염 스킬 재장전",🔥 전설,화염 제왕,"{""components"": [{""tag"": ""consecutive_skill_bonus"", ""target_skill_type"": ""fire"", ""bonus_per_stack"": 20.0, ""max_stacks"": 5}, {""tag"": ""skill_refresh"", ""refresh_chance"": 0.5, ""specific_skill_ids"": [1101, 1102, 1103, 1104, 1105]}]}"
5104,시공간 조작자,장신구,반지,80,,,,,,,,380,,,,"스킬 리롤 + 3턴마다 강화",⏰ 전설,시공간의 지배자,"{""components"": [{""tag"": ""skill_reroll"", ""rerolls_per_turn"": 2}, {""tag"": ""turn_count_empower"", ""trigger_interval"": 3, ""damage_multiplier"": 2.5}]}"
5105,만능의 대가,망토,망토,85,,,,,,,,420,180,"다양성 보너스 + 스킬 2개 선택",🌈 전설,만능의 마스터,"{""components"": [{""tag"": ""skill_variety_bonus"", ""bonus_per_unique"": 15.0, ""max_unique_count"": 6, ""reset_on_repeat"": false}, {""tag"": ""double_draw"", ""proc_chance"": 1.0, ""auto_select_better"": true}]}"
5106,파멸의 계약,장신구,목걸이,90,,,,,,,,480,,,,"HP 20% 소모, 데미지 +150%",🩸 신화,파멸의 악마,"{""components"": [{""tag"": ""hp_cost_empower"", ""hp_cost_percent"": 20.0, ""damage_boost_percent"": 150.0, ""min_hp_threshold"": 1.0}]}"
5107,영원의 성장,장신구,반지,95,,,,,,,,550,,,,"매 턴 10%씩 무한 성장",⏳ 신화,영원한 자,"{""components"": [{""tag"": ""accumulation"", ""growth_per_turn"": 10.0, ""max_growth"": 999.0}]}"
5108,완전한 도박,장신구,목걸이,100,,,,,,,,650,,,,"스킬 3개 중 선택 + 재장전 50%",🎲 신화,확률의 신,"{""components"": [{""tag"": ""double_draw"", ""proc_chance"": 1.0}, {""tag"": ""skill_refresh"", ""refresh_chance"": 0.5}]}"
